"time","timeDate","close","high","low","open","volumefrom","volumeto","volume"
1381104000000,"2013-10-06",6149,6149,6149,6149,0.0325,199.84,NaN
1381190400000,"2013-10-07",6149,6149,6149,6149,0,0,NaN
1381276800000,"2013-10-08",6149,6149,6149,6149,0,0,NaN
1381363200000,"2013-10-09",6149,6149,6149,6149,0,0,NaN
1381449600000,"2013-10-10",6149,6149,6149,6149,0,0,NaN
1381536000000,"2013-10-11",6149,6149,6149,6149,0,0,NaN
1381622400000,"2013-10-12",6149,6149,6149,6149,0,0,NaN
1381708800000,"2013-10-13",6149,6149,6149,6149,0,0,NaN
1381795200000,"2013-10-14",6149,6149,6149,6149,0,0,NaN
1381881600000,"2013-10-15",6149,6149,6149,6149,0,0,NaN
1381968000000,"2013-10-16",6149,6149,6149,6149,0,0,NaN
1382054400000,"2013-10-17",6500.6,6500.6,6149,6149,0.2307,1499.69,NaN
1382140800000,"2013-10-18",6500.6,6500.6,6500.6,6500.6,0,0,NaN
1382227200000,"2013-10-19",6500.6,6500.6,6500.6,6500.6,0,0,NaN
1382313600000,"2013-10-20",6500.6,6500.6,6500.6,6500.6,0,0,NaN
1382400000000,"2013-10-21",6500.6,6500.6,6500.6,6500.6,0,0,NaN
1382486400000,"2013-10-22",6500.6,6500.6,6500.6,6500.6,0,0,NaN
1382572800000,"2013-10-23",6500.6,6500.6,6500.6,6500.6,0,0,NaN
1382659200000,"2013-10-24",6500.6,6500.6,6500.6,6500.6,0,0,NaN
1382745600000,"2013-10-25",6500.6,6500.6,6500.6,6500.6,0,0,NaN
1382832000000,"2013-10-26",6500.6,6500.6,6500.6,6500.6,0,0,NaN
1382918400000,"2013-10-27",6500.6,6500.6,6500.6,6500.6,0,0,NaN
1383004800000,"2013-10-28",6500.6,6500.6,6500.6,6500.6,0,0,NaN
1383091200000,"2013-10-29",6500.6,6500.6,6500.6,6500.6,0,0,NaN
1383177600000,"2013-10-30",6500.6,6500.6,6500.6,6500.6,0,0,NaN
1383264000000,"2013-10-31",6500.6,6500.6,6500.6,6500.6,0,0,NaN
1383350400000,"2013-11-01",6500.6,6500.6,6500.6,6500.6,0,0,NaN
1383436800000,"2013-11-02",6500.6,6500.6,6500.6,6500.6,0,0,NaN
1383523200000,"2013-11-03",6500.6,6500.6,6500.6,6500.6,0,0,NaN
1383609600000,"2013-11-04",10778.85,10778.85,6500.6,6500.6,1,10778.85,NaN
1383696000000,"2013-11-05",10778.85,10778.85,10778.85,10778.85,0,0,NaN
1383782400000,"2013-11-06",10778.85,10778.85,10778.85,10778.85,0,0,NaN
1383868800000,"2013-11-07",10778.85,10778.85,10778.85,10778.85,0,0,NaN
1383955200000,"2013-11-08",10778.85,10778.85,10778.85,10778.85,0,0,NaN
1384041600000,"2013-11-09",10778.85,10778.85,10778.85,10778.85,0,0,NaN
1384128000000,"2013-11-10",10778.85,10778.85,10778.85,10778.85,0,0,NaN
1384214400000,"2013-11-11",10778.85,10778.85,10778.85,10778.85,0,0,NaN
1384300800000,"2013-11-12",10778.85,10778.85,10778.85,10778.85,0,0,NaN
1384387200000,"2013-11-13",10778.85,10778.85,10778.85,10778.85,0,0,NaN
1384473600000,"2013-11-14",10778.85,10778.85,10778.85,10778.85,0,0,NaN
1384560000000,"2013-11-15",10778.85,10778.85,10778.85,10778.85,0,0,NaN
1384646400000,"2013-11-16",10778.85,10778.85,10778.85,10778.85,0,0,NaN
1384732800000,"2013-11-17",10778.85,10778.85,10778.85,10778.85,0,0,NaN
1384819200000,"2013-11-18",10778.85,10778.85,10778.85,10778.85,0,0,NaN
1384905600000,"2013-11-19",25569.39,25569.39,10778.85,10778.85,0.02,511.39,NaN
1384992000000,"2013-11-20",25569.39,25569.39,25569.39,25569.39,0,0,NaN
1385078400000,"2013-11-21",25569.39,25569.39,25569.39,25569.39,0,0,NaN
1385164800000,"2013-11-22",25569.39,25569.39,25569.39,25569.39,0,0,NaN
1385251200000,"2013-11-23",25569.39,25569.39,25569.39,25569.39,0,0,NaN
1385337600000,"2013-11-24",25569.39,25569.39,25569.39,25569.39,0,0,NaN
1385424000000,"2013-11-25",25569.39,25569.39,25569.39,25569.39,0,0,NaN
1385510400000,"2013-11-26",53041.06,53041.06,25569.39,25569.39,0.4868,25500.36,NaN
1385596800000,"2013-11-27",67358.87,67358.87,53041.06,53041.06,0.4349,29235.65,NaN
1385683200000,"2013-11-28",67358.87,67358.87,67358.87,67358.87,0,0,NaN
1385769600000,"2013-11-29",67358.87,67358.87,67358.87,67358.87,0,0,NaN
1385856000000,"2013-11-30",67358.87,67358.87,67358.87,67358.87,0,0,NaN
1385942400000,"2013-12-01",47764.24,67358.87,47764.24,67358.87,0.02,955.28,NaN
1386028800000,"2013-12-02",47764.24,47764.24,47764.24,47764.24,0,0,NaN
1386115200000,"2013-12-03",47764.24,47764.24,47764.24,47764.24,0,0,NaN
1386201600000,"2013-12-04",47764.24,47764.24,47764.24,47764.24,0,0,NaN
1386288000000,"2013-12-05",47764.24,47764.24,47764.24,47764.24,0,0,NaN
1386374400000,"2013-12-06",47764.24,47764.24,47764.24,47764.24,0,0,NaN
1386460800000,"2013-12-07",47764.24,47764.24,47764.24,47764.24,0,0,NaN
1386547200000,"2013-12-08",47764.24,47764.24,47764.24,47764.24,0,0,NaN
1386633600000,"2013-12-09",47764.24,47764.24,47764.24,47764.24,0,0,NaN
1386720000000,"2013-12-10",47764.24,47764.24,47764.24,47764.24,0,0,NaN
1386806400000,"2013-12-11",47764.24,47764.24,47764.24,47764.24,0,0,NaN
1386892800000,"2013-12-12",47764.24,47764.24,47764.24,47764.24,0,0,NaN
1386979200000,"2013-12-13",47764.24,47764.24,47764.24,47764.24,0,0,NaN
1387065600000,"2013-12-14",47764.24,47764.24,47764.24,47764.24,0,0,NaN
1387152000000,"2013-12-15",47764.24,47764.24,47764.24,47764.24,0,0,NaN
1387238400000,"2013-12-16",47764.24,47764.24,47764.24,47764.24,0,0,NaN
1387324800000,"2013-12-17",47764.24,47764.24,47764.24,47764.24,0,0,NaN
1387411200000,"2013-12-18",47764.24,47764.24,47764.24,47764.24,0,0,NaN
1387497600000,"2013-12-19",47764.24,47764.24,47764.24,47764.24,0,0,NaN
1387584000000,"2013-12-20",47764.24,47764.24,47764.24,47764.24,0,0,NaN
1387670400000,"2013-12-21",47764.24,47764.24,47764.24,47764.24,0,0,NaN
1387756800000,"2013-12-22",47764.24,47764.24,47764.24,47764.24,0,0,NaN
1387843200000,"2013-12-23",47764.24,47764.24,47764.24,47764.24,0,0,NaN
1387929600000,"2013-12-24",47764.24,47764.24,47764.24,47764.24,0,0,NaN
1388016000000,"2013-12-25",47764.24,47764.24,47764.24,47764.24,0,0,NaN
1388102400000,"2013-12-26",47764.24,47764.24,47764.24,47764.24,0,0,NaN
1388188800000,"2013-12-27",47764.24,47764.24,47764.24,47764.24,0,0,NaN
1388275200000,"2013-12-28",47764.24,47764.24,47764.24,47764.24,0,0,NaN
1388361600000,"2013-12-29",47764.24,47764.24,47764.24,47764.24,0,0,NaN
1388448000000,"2013-12-30",47764.24,47764.24,47764.24,47764.24,0,0,NaN
1388534400000,"2013-12-31",47764.24,47764.24,47764.24,47764.24,0,0,NaN
1388620800000,"2014-01-01",47764.24,47764.24,47764.24,47764.24,0,0,NaN
1388707200000,"2014-01-02",47764.24,47764.24,47764.24,47764.24,0,0,NaN
1388793600000,"2014-01-03",47764.24,47764.24,47764.24,47764.24,0,0,NaN
1388880000000,"2014-01-04",47764.24,47764.24,47764.24,47764.24,0,0,NaN
1388966400000,"2014-01-05",47764.24,47764.24,47764.24,47764.24,0,0,NaN
1389052800000,"2014-01-06",47764.24,47764.24,47764.24,47764.24,0,0,NaN
1389139200000,"2014-01-07",47764.24,47764.24,47764.24,47764.24,0,0,NaN
1389225600000,"2014-01-08",47764.24,47764.24,47764.24,47764.24,0,0,NaN
1389312000000,"2014-01-09",47764.24,47764.24,47764.24,47764.24,0,0,NaN
1389398400000,"2014-01-10",47764.24,47764.24,47764.24,47764.24,0,0,NaN
1389484800000,"2014-01-11",47764.24,47764.24,47764.24,47764.24,0,0,NaN
1389571200000,"2014-01-12",47764.24,47764.24,47764.24,47764.24,0,0,NaN
1389657600000,"2014-01-13",47764.24,47764.24,47764.24,47764.24,0,0,NaN
1389744000000,"2014-01-14",47764.24,47764.24,47764.24,47764.24,0,0,NaN
1389830400000,"2014-01-15",47764.24,47764.24,47764.24,47764.24,0,0,NaN
1389916800000,"2014-01-16",47764.24,47764.24,47764.24,47764.24,0,0,NaN
1390003200000,"2014-01-17",47764.24,47764.24,47764.24,47764.24,0,0,NaN
1390089600000,"2014-01-18",47764.24,47764.24,47764.24,47764.24,0,0,NaN
1390176000000,"2014-01-19",47764.24,47764.24,47764.24,47764.24,0,0,NaN
1390262400000,"2014-01-20",47764.24,47764.24,47764.24,47764.24,0,0,NaN
1390348800000,"2014-01-21",47764.24,47764.24,47764.24,47764.24,0,0,NaN
1390435200000,"2014-01-22",47764.24,47764.24,47764.24,47764.24,0,0,NaN
1390521600000,"2014-01-23",47764.24,47764.24,47764.24,47764.24,0,0,NaN
1390608000000,"2014-01-24",47764.24,47764.24,47764.24,47764.24,0,0,NaN
1390694400000,"2014-01-25",47764.24,47764.24,47764.24,47764.24,0,0,NaN
1390780800000,"2014-01-26",47764.24,47764.24,47764.24,47764.24,0,0,NaN
1390867200000,"2014-01-27",47764.24,47764.24,47764.24,47764.24,0,0,NaN
1390953600000,"2014-01-28",76704,76704,47764.24,47764.24,0.5006,38398.02,NaN
1391040000000,"2014-01-29",57013,76704,57013,76704,0.7994,46089.06,NaN
1391126400000,"2014-01-30",69918.18,69918.18,57013,57013,0.286,19996.6,NaN
1391212800000,"2014-01-31",25327.54,69918.18,25327.54,69918.18,0.4315,10928.83,NaN
1391299200000,"2014-02-01",70639.9,70639.9,25327.54,25327.54,0.0142,1003.09,NaN
1391385600000,"2014-02-02",61468.81,70639.9,61468.81,70639.9,0.0305,1999.37,NaN
1391472000000,"2014-02-03",66033.69,68300.94,61468.81,61468.81,0.0903,5995.94,NaN
1391558400000,"2014-02-04",61699,66033.69,61699,66033.69,2.383,147004.04,NaN
1391644800000,"2014-02-05",63714.47,63714.47,61699,61699,0.6278,39999.94,NaN
1391731200000,"2014-02-06",57554.55,63714.47,57554.55,63714.47,5.081,293934.61,NaN
1391817600000,"2014-02-07",60485.61,60485.61,57554.55,57554.55,0.1653,9998.27,NaN
1391904000000,"2014-02-08",60485.61,60485.61,60485.61,60485.61,0,0,NaN
1391990400000,"2014-02-09",60485.61,60485.61,60485.61,60485.61,0,0,NaN
1392076800000,"2014-02-10",54863.65,65360,54863.65,60485.61,7.989,460852.65,NaN
1392163200000,"2014-02-11",51808.43,55930.72,51808.43,54863.65,4.324,224383,NaN
1392249600000,"2014-02-12",51808.43,51808.43,51808.43,51808.43,0,0,NaN
1392336000000,"2014-02-13",51808.43,51808.43,51808.43,51808.43,0,0,NaN
1392422400000,"2014-02-14",51808.43,51808.43,51808.43,51808.43,0,0,NaN
1392508800000,"2014-02-15",51514.16,51808.43,51514.16,51808.43,0.0194,999.37,NaN
1392595200000,"2014-02-16",51514.16,51514.16,51514.16,51514.16,0,0,NaN
1392681600000,"2014-02-17",54160.04,54160.04,51514.16,51514.16,0.0923,4998.97,NaN
1392768000000,"2014-02-18",54825.88,54825.88,54160.04,54160.04,0.0584,3201.83,NaN
1392854400000,"2014-02-19",54825.88,54825.88,54825.88,54825.88,0,0,NaN
1392940800000,"2014-02-20",54825.88,54825.88,54825.88,54825.88,0,0,NaN
1393027200000,"2014-02-21",54825.88,54825.88,54825.88,54825.88,0,0,NaN
1393113600000,"2014-02-22",54825.88,54825.88,54825.88,54825.88,0,0,NaN
1393200000000,"2014-02-23",54825.88,54825.88,54825.88,54825.88,0,0,NaN
1393286400000,"2014-02-24",49095.49,54825.88,49095.49,54825.88,0.2037,10000.75,NaN
1393372800000,"2014-02-25",49095.49,49095.49,49095.49,49095.49,0,0,NaN
1393459200000,"2014-02-26",46533.12,49095.49,46533.12,49095.49,0.0215,1000.46,NaN
1393545600000,"2014-02-27",44923.32,46533.12,44923.32,46533.12,2.446,109886.93,NaN
1393632000000,"2014-02-28",44923.32,44923.32,44923.32,44923.32,0,0,NaN
1393718400000,"2014-03-01",44923.32,44923.32,44923.32,44923.32,0,0,NaN
1393804800000,"2014-03-02",44923.32,44923.32,44923.32,44923.32,0,0,NaN
1393891200000,"2014-03-03",44923.32,44923.32,44923.32,44923.32,0,0,NaN
1393977600000,"2014-03-04",44923.32,44923.32,44923.32,44923.32,0,0,NaN
1394064000000,"2014-03-05",58850.57,58850.57,44923.32,44923.32,0.017,1000.46,NaN
1394150400000,"2014-03-06",47974.58,58850.57,47974.58,58850.57,4.796,231891.08,NaN
1394236800000,"2014-03-07",58538.52,58538.52,47974.58,47974.58,0.1879,10999.39,NaN
1394323200000,"2014-03-08",58538.52,58538.52,58538.52,58538.52,0,0,NaN
1394409600000,"2014-03-09",58538.52,58538.52,58538.52,58538.52,0,0,NaN
1394496000000,"2014-03-10",51621.09,58538.52,51621.09,58538.52,0.0194,1001.45,NaN
1394582400000,"2014-03-11",50909.02,51621.09,50909.02,51621.09,0.2396,12197.8,NaN
1394668800000,"2014-03-12",50252.6,50909.02,50252.6,50909.02,0.199,10000.27,NaN
1394755200000,"2014-03-13",49815.73,52650.77,49815.73,50252.6,0.5806,30000.04,NaN
1394841600000,"2014-03-14",49815.73,49815.73,49815.73,49815.73,0,0,NaN
1394928000000,"2014-03-15",49815.73,49815.73,49815.73,49815.73,0,0,NaN
1395014400000,"2014-03-16",49047.01,49815.73,49047.01,49815.73,0.0099,485.57,NaN
1395100800000,"2014-03-17",49047.01,49047.01,49047.01,49047.01,0,0,NaN
1395187200000,"2014-03-18",49047.01,49047.01,49047.01,49047.01,0,0,NaN
1395273600000,"2014-03-19",49047.01,49047.01,49047.01,49047.01,0,0,NaN
1395360000000,"2014-03-20",49047.01,49047.01,49047.01,49047.01,0,0,NaN
1395446400000,"2014-03-21",49047.01,49047.01,49047.01,49047.01,0,0,NaN
1395532800000,"2014-03-22",49047.01,49047.01,49047.01,49047.01,0,0,NaN
1395619200000,"2014-03-23",46424.47,49047.01,46424.47,49047.01,0.01077,500,NaN
1395705600000,"2014-03-24",46424.47,46424.47,46424.47,46424.47,0,0,NaN
1395792000000,"2014-03-25",46424.47,46424.47,46424.47,46424.47,0,0,NaN
1395878400000,"2014-03-26",46424.47,46424.47,46424.47,46424.47,0,0,NaN
1395964800000,"2014-03-27",46424.47,46424.47,46424.47,46424.47,0,0,NaN
1396051200000,"2014-03-28",46424.47,46424.47,46424.47,46424.47,0,0,NaN
1396137600000,"2014-03-29",46424.47,46424.47,46424.47,46424.47,0,0,NaN
1396224000000,"2014-03-30",46424.47,46424.47,46424.47,46424.47,0,0,NaN
1396310400000,"2014-03-31",46424.47,46424.47,46424.47,46424.47,0,0,NaN
1396396800000,"2014-04-01",46424.47,46424.47,46424.47,46424.47,0,0,NaN
1396483200000,"2014-04-02",46424.47,46424.47,46424.47,46424.47,0,0,NaN
1396569600000,"2014-04-03",46424.47,46424.47,46424.47,46424.47,0,0,NaN
1396656000000,"2014-04-04",46424.47,46424.47,46424.47,46424.47,0,0,NaN
1396742400000,"2014-04-05",46424.47,46424.47,46424.47,46424.47,0,0,NaN
1396828800000,"2014-04-06",46424.47,46424.47,46424.47,46424.47,0,0,NaN
1396915200000,"2014-04-07",46424.47,46424.47,46424.47,46424.47,0,0,NaN
1397001600000,"2014-04-08",46424.47,46424.47,46424.47,46424.47,0,0,NaN
1397088000000,"2014-04-09",46424.47,46424.47,46424.47,46424.47,0,0,NaN
1397174400000,"2014-04-10",46424.47,46424.47,46424.47,46424.47,0,0,NaN
1397260800000,"2014-04-11",46424.47,46424.47,46424.47,46424.47,0,0,NaN
1397347200000,"2014-04-12",46424.47,46424.47,46424.47,46424.47,0,0,NaN
1397433600000,"2014-04-13",30000,46424.47,30000,46424.47,4,120000,NaN
1397520000000,"2014-04-14",30000,30000,30000,30000,0,0,NaN
1397606400000,"2014-04-15",30000,30000,30000,30000,0,0,NaN
1397692800000,"2014-04-16",30000,30000,30000,30000,0,0,NaN
1397779200000,"2014-04-17",30000,30000,30000,30000,0,0,NaN
1397865600000,"2014-04-18",30000,30000,30000,30000,0,0,NaN
1397952000000,"2014-04-19",30000,30000,30000,30000,0,0,NaN
1398038400000,"2014-04-20",30000,30000,30000,30000,0,0,NaN
1398124800000,"2014-04-21",30000,30000,30000,30000,0,0,NaN
1398211200000,"2014-04-22",30000,30000,30000,30000,0,0,NaN
1398297600000,"2014-04-23",30000,30000,30000,30000,0,0,NaN
1398384000000,"2014-04-24",26972.97,30000,26972.97,30000,10,269718.91,NaN
1398470400000,"2014-04-25",27804.59,27804.59,26972.97,26972.97,10,278040.34,NaN
1398556800000,"2014-04-26",27804.59,27804.59,27804.59,27804.59,0,0,NaN
1398643200000,"2014-04-27",27804.59,27804.59,27804.59,27804.59,0,0,NaN
1398729600000,"2014-04-28",26609.76,27804.59,26609.76,27804.59,20,532179.23,NaN
1398816000000,"2014-04-29",26609.76,26609.76,26609.76,26609.76,0,0,NaN
1398902400000,"2014-04-30",26609.76,26609.76,26609.76,26609.76,0,0,NaN
1398988800000,"2014-05-01",26609.76,26609.76,26609.76,26609.76,0,0,NaN
1399075200000,"2014-05-02",26609.76,26609.76,26609.76,26609.76,0,0,NaN
1399161600000,"2014-05-03",26609.76,26609.76,26609.76,26609.76,0,0,NaN
1399248000000,"2014-05-04",25421.12,26609.76,25421.12,26609.76,2.4,61010.69,NaN
1399334400000,"2014-05-05",25421.12,25421.12,25421.12,25421.12,0,0,NaN
1399420800000,"2014-05-06",25421.12,25421.12,25421.12,25421.12,0,0,NaN
1399507200000,"2014-05-07",25421.12,25421.12,25421.12,25421.12,0,0,NaN
1399593600000,"2014-05-08",25421.12,25421.12,25421.12,25421.12,0,0,NaN
1399680000000,"2014-05-09",25421.12,25421.12,25421.12,25421.12,0,0,NaN
1399766400000,"2014-05-10",25421.12,25421.12,25421.12,25421.12,0,0,NaN
1399852800000,"2014-05-11",25421.12,25421.12,25421.12,25421.12,0,0,NaN
1399939200000,"2014-05-12",25595.69,25595.69,25421.12,25421.12,3,76784.51,NaN
1400025600000,"2014-05-13",25595.69,25595.69,25595.69,25595.69,0,0,NaN
1400112000000,"2014-05-14",25595.69,25595.69,25595.69,25595.69,0,0,NaN
1400198400000,"2014-05-15",25595.69,25595.69,25595.69,25595.69,0,0,NaN
1400284800000,"2014-05-16",25595.69,25595.69,25595.69,25595.69,0,0,NaN
1400371200000,"2014-05-17",25595.69,25595.69,25595.69,25595.69,0,0,NaN
1400457600000,"2014-05-18",25595.69,25595.69,25595.69,25595.69,0,0,NaN
1400544000000,"2014-05-19",25595.69,25595.69,25595.69,25595.69,0,0,NaN
1400630400000,"2014-05-20",25595.69,25595.69,25595.69,25595.69,0,0,NaN
1400716800000,"2014-05-21",25595.69,25595.69,25595.69,25595.69,0,0,NaN
1400803200000,"2014-05-22",25595.69,25595.69,25595.69,25595.69,0,0,NaN
1400889600000,"2014-05-23",46962.12,46962.12,25595.69,25595.69,0.0213,1000.29,NaN
1400976000000,"2014-05-24",50325.39,50325.39,46962.12,46962.12,0.08,4026.03,NaN
1401062400000,"2014-05-25",50325.39,50325.39,50325.39,50325.39,0,0,NaN
1401148800000,"2014-05-26",50325.39,50325.39,50325.39,50325.39,0,0,NaN
1401235200000,"2014-05-27",51055.28,51055.28,50325.39,50325.39,0.0196,1000.68,NaN
1401321600000,"2014-05-28",35895.32,51055.28,35895.32,51055.28,0.5572,20000.87,NaN
1401408000000,"2014-05-29",35895.32,35895.32,35895.32,35895.32,0,0,NaN
1401494400000,"2014-05-30",52291.15,52291.15,35895.32,35895.32,0.01,522.91,NaN
1401580800000,"2014-05-31",52291.15,52291.15,52291.15,52291.15,0,0,NaN
1401667200000,"2014-06-01",52291.15,52291.15,52291.15,52291.15,0,0,NaN
1401753600000,"2014-06-02",52291.15,52291.15,52291.15,52291.15,0,0,NaN
1401840000000,"2014-06-03",52291.15,52291.15,52291.15,52291.15,0,0,NaN
1401926400000,"2014-06-04",52291.15,52291.15,52291.15,52291.15,0,0,NaN
1402012800000,"2014-06-05",52291.15,52291.15,52291.15,52291.15,0,0,NaN
1402099200000,"2014-06-06",52291.15,52291.15,52291.15,52291.15,0,0,NaN
1402185600000,"2014-06-07",52291.15,52291.15,52291.15,52291.15,0,0,NaN
1402272000000,"2014-06-08",52291.15,52291.15,52291.15,52291.15,0,0,NaN
1402358400000,"2014-06-09",52291.15,52291.15,52291.15,52291.15,0,0,NaN
1402444800000,"2014-06-10",52291.15,52291.15,52291.15,52291.15,0,0,NaN
1402531200000,"2014-06-11",52291.15,52291.15,52291.15,52291.15,0,0,NaN
1402617600000,"2014-06-12",52291.15,52291.15,52291.15,52291.15,0,0,NaN
1402704000000,"2014-06-13",52291.15,52291.15,52291.15,52291.15,0,0,NaN
1402790400000,"2014-06-14",52291.15,52291.15,52291.15,52291.15,0,0,NaN
1402876800000,"2014-06-15",52291.15,52291.15,52291.15,52291.15,0,0,NaN
1402963200000,"2014-06-16",52291.15,52291.15,52291.15,52291.15,0,0,NaN
1403049600000,"2014-06-17",52291.15,52291.15,52291.15,52291.15,0,0,NaN
1403136000000,"2014-06-18",52291.15,52291.15,52291.15,52291.15,0,0,NaN
1403222400000,"2014-06-19",52291.15,52291.15,52291.15,52291.15,0,0,NaN
1403308800000,"2014-06-20",52291.15,52291.15,52291.15,52291.15,0,0,NaN
1403395200000,"2014-06-21",52291.15,52291.15,52291.15,52291.15,0,0,NaN
1403481600000,"2014-06-22",52291.15,52291.15,52291.15,52291.15,0,0,NaN
1403568000000,"2014-06-23",52291.15,52291.15,52291.15,52291.15,0,0,NaN
1403654400000,"2014-06-24",52291.15,52291.15,52291.15,52291.15,0,0,NaN
1403740800000,"2014-06-25",52291.15,52291.15,52291.15,52291.15,0,0,NaN
1403827200000,"2014-06-26",52291.15,52291.15,52291.15,52291.15,0,0,NaN
1403913600000,"2014-06-27",47732.59,52291.15,47732.59,52291.15,0.16,7665.81,NaN
1404000000000,"2014-06-28",47732.59,47732.59,47732.59,47732.59,0,0,NaN
1404086400000,"2014-06-29",40218.33,47732.59,40218.33,47732.59,0.9946,40001.15,NaN
1404172800000,"2014-06-30",40218.33,40218.33,40218.33,40218.33,0,0,NaN
1404259200000,"2014-07-01",40218.33,40218.33,40218.33,40218.33,0,0,NaN
1404345600000,"2014-07-02",51504.28,51504.28,40218.33,40218.33,1,51504.28,NaN
1404432000000,"2014-07-03",51504.28,51504.28,51504.28,51504.28,0,0,NaN
1404518400000,"2014-07-04",51504.28,51504.28,51504.28,51504.28,0,0,NaN
1404604800000,"2014-07-05",51504.28,51504.28,51504.28,51504.28,0,0,NaN
1404691200000,"2014-07-06",51504.28,51504.28,51504.28,51504.28,0,0,NaN
1404777600000,"2014-07-07",51504.28,51504.28,51504.28,51504.28,0,0,NaN
1404864000000,"2014-07-08",51504.28,51504.28,51504.28,51504.28,0,0,NaN
1404950400000,"2014-07-09",51504.28,51504.28,51504.28,51504.28,0,0,NaN
1405036800000,"2014-07-10",51504.28,51504.28,51504.28,51504.28,0,0,NaN
1405123200000,"2014-07-11",51504.28,51504.28,51504.28,51504.28,0,0,NaN
1405209600000,"2014-07-12",51504.28,51504.28,51504.28,51504.28,0,0,NaN
1405296000000,"2014-07-13",51504.28,51504.28,51504.28,51504.28,0,0,NaN
1405382400000,"2014-07-14",51504.28,51504.28,51504.28,51504.28,0,0,NaN
1405468800000,"2014-07-15",51504.28,51504.28,51504.28,51504.28,0,0,NaN
1405555200000,"2014-07-16",51504.28,51504.28,51504.28,51504.28,0,0,NaN
1405641600000,"2014-07-17",42179.18,42179.18,41165.29,41165.29,0.05,2108.96,NaN
1405728000000,"2014-07-18",42179.18,42179.18,42179.18,42179.18,0,0,NaN
1405814400000,"2014-07-19",50344,51504.28,50344,51504.28,0.15,7551.6,NaN
1405900800000,"2014-07-20",49468,50344,49468,50344,0.5,24734,NaN
1405987200000,"2014-07-21",42492.92,49468,40822.49,49468,2.191,89539.6,NaN
1406073600000,"2014-07-22",49504.95,49504.95,40822.49,40822.49,0.0202,1000,NaN
1406160000000,"2014-07-23",49504.95,49504.95,49504.95,49504.95,0,0,NaN
1406246400000,"2014-07-24",48192.77,49504.95,40899.8,42492.92,0.0904,4000,NaN
1406332800000,"2014-07-25",48192.77,48192.77,48192.77,48192.77,0,0,NaN
1406419200000,"2014-07-26",47348.48,48192.77,47348.48,48192.77,0.2112,10000,NaN
1406505600000,"2014-07-27",47348.48,47348.48,47348.48,47348.48,0,0,NaN
1406592000000,"2014-07-28",47348.48,47348.48,47348.48,47348.48,0,0,NaN
1406678400000,"2014-07-29",48100.05,48100.05,47348.48,47348.48,0.2079,10000,NaN
1406764800000,"2014-07-30",39577.84,40899.8,39577.84,40899.8,0.0758,3000,NaN
1406851200000,"2014-07-31",40650.41,52631.58,40650.41,48100.05,0.2783,14500,NaN
1406937600000,"2014-08-01",40650.41,40650.41,40650.41,40650.41,0,0,NaN
1407024000000,"2014-08-02",39801,40650.41,39801,40650.41,0.0402,1600,NaN
1407110400000,"2014-08-03",39801,39801,39801,39801,0,0,NaN
1407196800000,"2014-08-04",40172.41,40172.41,39801,39801,0.0174,699,NaN
1407283200000,"2014-08-05",39942.86,52631.58,39942.86,40172.41,0.495,21584,NaN
1407369600000,"2014-08-06",44627.11,63000,44627.11,63000,0.0225,1004.11,NaN
1407456000000,"2014-08-07",44627.94,47900.5,39942.86,39942.86,0.2618,11641.39,NaN
1407542400000,"2014-08-08",50000,50000,44627.94,44627.94,1.02,50821,NaN
1407628800000,"2014-08-09",50000,50000,50000,50000,0,0,NaN
1407715200000,"2014-08-10",43959.07,44936.39,39682.54,44936.39,0.5894,25911,NaN
1407801600000,"2014-08-11",41576.58,50000,41576.58,43959.07,0.9688,46206.72,NaN
1407888000000,"2014-08-12",41576.58,41576.58,41576.58,41576.58,0,0,NaN
1407974400000,"2014-08-13",38439.85,41576.58,38439.85,41576.58,0.0261,1003.28,NaN
1408060800000,"2014-08-14",38439.85,38439.85,38439.85,38439.85,0,0,NaN
1408147200000,"2014-08-15",38439.85,38439.85,38439.85,38439.85,0,0,NaN
1408233600000,"2014-08-16",38439.85,38439.85,38439.85,38439.85,0,0,NaN
1408320000000,"2014-08-17",38439.85,38439.85,38439.85,38439.85,0,0,NaN
1408406400000,"2014-08-18",38439.85,38439.85,38439.85,38439.85,0,0,NaN
1408492800000,"2014-08-19",44247.79,48000,44247.79,48000,0.5479,25000,NaN
1408579200000,"2014-08-20",43459.37,48952.42,43459.37,44247.79,1.41,65492,NaN
1408665600000,"2014-08-21",47064,47064,43459.37,43459.37,1,47064,NaN
1408752000000,"2014-08-22",47064,47064,47064,47064,0,0,NaN
1408838400000,"2014-08-23",47064,47064,47064,47064,0,0,NaN
1408924800000,"2014-08-24",47111.91,48367.59,47064,47064,0.1104,5305,NaN
1409011200000,"2014-08-25",38725.49,178611.3,38725.49,178611.3,0.0802,3290,NaN
1409097600000,"2014-08-26",38916.26,38916.26,38725.49,38725.49,0.0203,790,NaN
1409184000000,"2014-08-27",38916.26,38916.26,38916.26,38916.26,0,0,NaN
1409270400000,"2014-08-28",38916.26,38916.26,38916.26,38916.26,0,0,NaN
1409356800000,"2014-08-29",44692.74,47111.91,44692.74,47111.91,0.179,8000,NaN
1409443200000,"2014-08-30",44692.74,44692.74,44692.74,44692.74,0,0,NaN
1409529600000,"2014-08-31",46948.36,46948.36,43589.74,44692.74,0.0603,2700,NaN
1409616000000,"2014-09-01",46948.36,46948.36,46948.36,46948.36,0,0,NaN
1409702400000,"2014-09-02",45454.55,999010.85,39215.69,999010.85,0.0124,500,NaN
1409788800000,"2014-09-03",46860.36,46860.36,44319.1,45454.55,0.3375,15500,NaN
1409875200000,"2014-09-04",46860.36,46860.36,46860.36,46860.36,0,0,NaN
1409961600000,"2014-09-05",46860.36,46860.36,46860.36,46860.36,0,0,NaN
1410048000000,"2014-09-06",46860.36,46860.36,46860.36,46860.36,0,0,NaN
1410134400000,"2014-09-07",46860.36,46860.36,46860.36,46860.36,0,0,NaN
1410220800000,"2014-09-08",38535.65,46860.36,35827,46860.36,1.674,60248.39,NaN
1410307200000,"2014-09-09",39476,39476,35827,35827,0.2267,8947.6,NaN
1410393600000,"2014-09-10",47846.89,49358.73,39476,39476,0.3409,16700,NaN
1410480000000,"2014-09-11",49107.14,49107.14,39463.3,47846.89,0.6125,27249,NaN
1410566400000,"2014-09-12",49107.14,49107.14,49107.14,49107.14,0,0,NaN
1410652800000,"2014-09-13",51247,51247,42016.81,49107.14,0.638,30498.8,NaN
1410739200000,"2014-09-14",41981.53,51247,41872,51247,0.4566,19187.2,NaN
1410825600000,"2014-09-15",45336.79,45336.79,41252,41981.53,0.2402,10000.2,NaN
1410912000000,"2014-09-16",45336.79,45336.79,45336.79,45336.79,0,0,NaN
1410998400000,"2014-09-17",36708,50041.7,36708,45336.79,0.5398,21413.69,NaN
1411084800000,"2014-09-18",36708,36708,36708,36708,0,0,NaN
1411171200000,"2014-09-19",48534,48534,36708,36708,0.45,21840.3,NaN
1411257600000,"2014-09-20",48534,48534,48534,48534,0,0,NaN
1411344000000,"2014-09-21",48534,48534,48534,48534,0,0,NaN
1411430400000,"2014-09-22",40399.24,40399.24,38535.65,38535.65,0.2104,8500,NaN
1411516800000,"2014-09-23",40399.24,40399.24,40399.24,40399.24,0,0,NaN
1411603200000,"2014-09-24",37313.43,40399.24,37313.43,40399.24,0.0804,3000,NaN
1411689600000,"2014-09-25",37320.57,37320.57,37313.43,37313.43,0.1045,3900,NaN
1411776000000,"2014-09-26",37320.57,37320.57,37320.57,37320.57,0,0,NaN
1411862400000,"2014-09-27",44247.79,48534,40685.92,48534,0.039,1627,NaN
1411948800000,"2014-09-28",34188.03,45015.8,34188.03,44247.79,0.1492,6501.58,NaN
1412035200000,"2014-09-29",34023.67,44052.86,31136,40000,0.4342,14764.89,NaN
1412121600000,"2014-09-30",33641.72,34754.4,33562.94,34023.67,0.3347,11500,NaN
1412208000000,"2014-10-01",33641.72,33641.72,33641.72,33641.72,0,0,NaN
1412294400000,"2014-10-02",41095.89,43859.65,33562.94,43859.65,0.4228,14625,NaN
1412380800000,"2014-10-03",41095.89,41095.89,41095.89,41095.89,0,0,NaN
1412467200000,"2014-10-04",32362.46,41095.89,32362.46,41095.89,0.0309,1000,NaN
1412553600000,"2014-10-05",35323.38,35323.38,32362.46,32362.46,0.3015,10650,NaN
1412640000000,"2014-10-06",29324.94,33641.72,29324.94,33641.72,0.5081,14900,NaN
1412726400000,"2014-10-07",29324.94,29324.94,29324.94,29324.94,0,0,NaN
1412812800000,"2014-10-08",29324.94,29324.94,29324.94,29324.94,0,0,NaN
1412899200000,"2014-10-09",29324.94,29324.94,29324.94,29324.94,0,0,NaN
1412985600000,"2014-10-10",43859.65,43859.65,35323.38,35323.38,0.9668,39440,NaN
1413072000000,"2014-10-11",43859.65,43859.65,43859.65,43859.65,0,0,NaN
1413158400000,"2014-10-12",43857.03,43859.65,29324.94,29324.94,0.2561,9806.73,NaN
1413244800000,"2014-10-13",36363.64,36371.07,34129.69,34129.69,0.3272,11900,NaN
1413331200000,"2014-10-14",37082.07,37082.07,36363.64,36363.64,0.0329,1220,NaN
1413417600000,"2014-10-15",42857.14,43857.03,33745.78,37082.07,0.1904,7350,NaN
1413504000000,"2014-10-16",33333.33,42857.14,33333.33,42857.14,0.2308,7850,NaN
1413590400000,"2014-10-17",38306.02,41711.52,34013.61,35211.27,1.176,45869,NaN
1413676800000,"2014-10-18",34674.06,34674.06,34013.61,34013.61,0.2884,10000,NaN
1413763200000,"2014-10-19",33600.86,42274.36,33600.86,34674.06,0.7079,28118.05,NaN
1413849600000,"2014-10-20",33600.86,33600.86,33600.86,33600.86,0,0,NaN
1413936000000,"2014-10-21",33600.86,33600.86,33600.86,33600.86,0,0,NaN
1414022400000,"2014-10-22",32472.94,42274.36,32472.94,42274.36,1.169,44282,NaN
1414108800000,"2014-10-23",41000,41000,38500.19,38500.19,0.01,410,NaN
1414195200000,"2014-10-24",31865.17,32472.94,31865.17,32472.94,0.1442,4614.09,NaN
1414281600000,"2014-10-25",31865.17,31865.17,31865.17,31865.17,0,0,NaN
1414368000000,"2014-10-26",31865.17,31865.17,31865.17,31865.17,0,0,NaN
1414454400000,"2014-10-27",38503.72,41000,38503.72,41000,1,38503.72,NaN
1414540800000,"2014-10-28",35640.04,38503.72,35640.04,38503.72,0.3367,12000,NaN
1414627200000,"2014-10-29",37786.45,37786.45,34782.61,35640.04,0.4964,18500,NaN
1414713600000,"2014-10-30",37786.45,37786.45,37786.45,37786.45,0,0,NaN
1414800000000,"2014-10-31",35509.74,37786.45,35509.74,37786.45,0.4365,15500,NaN
1414886400000,"2014-11-01",35509.74,35509.74,35509.74,35509.74,0,0,NaN
1414972800000,"2014-11-02",35511,37037.04,35509.74,35509.74,0.5924,21086.16,NaN
1415059200000,"2014-11-03",36496.35,36530,35511,35511,0.1274,4653,NaN
1415145600000,"2014-11-04",36496.35,36496.35,36496.35,36496.35,0,0,NaN
1415232000000,"2014-11-05",35507,1775362.32,31114.2,1775362.32,0.7753,25001.4,NaN
1415318400000,"2014-11-06",35507,35507,35507,35507,0,0,NaN
1415404800000,"2014-11-07",35714.29,35714.29,35507,35507,0.028,1000,NaN
1415491200000,"2014-11-08",35714.29,35714.29,35714.29,35714.29,0,0,NaN
1415577600000,"2014-11-09",32298.39,35714.29,32298.39,35714.29,0.0992,3204,NaN
1415664000000,"2014-11-10",38127.6,38729.67,32298.39,32298.39,0.4131,15906.38,NaN
1415750400000,"2014-11-11",42951.97,42951.97,38127.6,38127.6,0.5122,22000,NaN
1415836800000,"2014-11-12",45454.55,45454.55,30978.93,42951.97,0.2714,10000,NaN
1415923200000,"2014-11-13",40816.33,47080.98,40816.33,45454.55,0.3713,16000,NaN
1416009600000,"2014-11-14",41821.56,41821.56,40816.33,40816.33,0.4304,18000,NaN
1416096000000,"2014-11-15",43003,43003,41821.56,41821.56,0.8,34402.4,NaN
1416182400000,"2014-11-16",43840.42,43840.42,43003,43003,0.2281,10000,NaN
1416268800000,"2014-11-17",47003.53,47003.53,43840.42,43840.42,0.0851,4000,NaN
1416355200000,"2014-11-18",47003.53,47003.53,47003.53,47003.53,0,0,NaN
1416441600000,"2014-11-19",45445.29,49423.39,43483.87,47003.53,1.239,56378,NaN
1416528000000,"2014-11-20",44381.49,45445.29,44373.18,45445.29,0.6118,27149.27,NaN
1416614400000,"2014-11-21",44381.49,44381.49,44381.49,44381.49,0,0,NaN
1416700800000,"2014-11-22",44381.49,44381.49,44381.49,44381.49,0,0,NaN
1416787200000,"2014-11-23",44381.49,44381.49,44381.49,44381.49,0,0,NaN
1416873600000,"2014-11-24",42788.46,42788.46,31865.17,31865.17,0.208,8900,NaN
1416960000000,"2014-11-25",45454.55,45454.55,42788.46,42788.46,0.5102,22860,NaN
1417046400000,"2014-11-26",45454.55,45454.55,45454.55,45454.55,0,0,NaN
1417132800000,"2014-11-27",55000,55000,44381.49,44381.49,0.8118,44649,NaN
1417219200000,"2014-11-28",55000,55000,55000,55000,0,0,NaN
1417305600000,"2014-11-29",57450.98,60998.15,45454.55,45454.55,0.6015,33835,NaN
1417392000000,"2014-11-30",58000,73450,55000,55000,0.2884,16934.23,NaN
1417478400000,"2014-12-01",60060.06,60060.06,58000,58000,0.1516,9100,NaN
1417564800000,"2014-12-02",59923.3,73450,59923.3,73450,0.4172,25000,NaN
1417651200000,"2014-12-03",60606.06,60606.06,60060.06,60060.06,0.4139,25046,NaN
1417737600000,"2014-12-04",60519.48,62500,59923.3,59923.3,1.192,73790,NaN
1417824000000,"2014-12-05",61578.84,61578.84,61529.15,61529.15,0.9906,61000,NaN
1417910400000,"2014-12-06",61578.84,61578.84,61578.84,61578.84,0,0,NaN
1417996800000,"2014-12-07",65008.73,65008.73,60519.48,60519.48,0.2906,18890,NaN
1418083200000,"2014-12-08",62034.74,82644.63,61578.84,65008.73,1.303,81350,NaN
1418169600000,"2014-12-09",65000,65331.01,62034.74,65013.4,1.769,115205,NaN
1418256000000,"2014-12-10",63994.12,65006.61,63694.27,65000,2.289,148300,NaN
1418342400000,"2014-12-11",64523.08,64523.08,63694.27,63694.27,3.6,231477,NaN
1418428800000,"2014-12-12",63000,64523.08,63000,64523.08,0.1941,12228.3,NaN
1418515200000,"2014-12-13",63000,63000,63000,63000,0,0,NaN
1418601600000,"2014-12-14",70831.44,70831.44,63000,63000,0.3519,23007.83,NaN
1418688000000,"2014-12-15",63920.45,63920.45,51724.14,51724.14,0.5152,27085.68,NaN
1418774400000,"2014-12-16",66050.2,70831.44,62925.52,70831.44,3.496,223899,NaN
1418860800000,"2014-12-17",64000,64020.49,63993.17,63993.17,2.348,150264,NaN
1418947200000,"2014-12-18",61000,66050.2,60000,64000,0.9611,58536.1,NaN
1419033600000,"2014-12-19",63000,63000,61000,61000,1,63000,NaN
1419120000000,"2014-12-20",61012.81,65359.48,38439.85,63000,7.887,488111.79,NaN
1419206400000,"2014-12-21",61998.17,62997.56,50000,61012.81,5.059,314030,NaN
1419292800000,"2014-12-22",63356,80000,58783,58783,5.619,351592.02,NaN
1419379200000,"2014-12-23",61000,63356,61000,63356,8.973,553633.3,NaN
1419465600000,"2014-12-24",60000,61000,60000,61000,2.73,163800,NaN
1419552000000,"2014-12-25",63482,63482,57000,60000,6.403,370921.3,NaN
1419638400000,"2014-12-26",62464.51,63482,55095.98,63482,1.982,121589.4,NaN
1419724800000,"2014-12-27",57496.05,62464.51,57496.05,62464.51,2.3,133535.72,NaN
1419811200000,"2014-12-28",58000,109546.17,45886,57496.05,3.028,169863.68,NaN
1419897600000,"2014-12-29",59000,63020.46,56922.5,63020.46,4.201,243375.25,NaN
1419984000000,"2014-12-30",61000,62584.57,57500,59000,3.744,224574.25,NaN
1420070400000,"2014-12-31",61000,61000,61000,61000,1.5,91500,NaN
1420156800000,"2015-01-01",58000,61742.25,55164.02,61742.25,4.469,257779.41,NaN
1420243200000,"2015-01-02",58000,58000,58000,58000,0,0,NaN
1420329600000,"2015-01-03",53922.42,58000,50000,58000,2.142,113649.28,NaN
1420416000000,"2015-01-04",75000,75000,53922.42,53922.42,0.008,600,NaN
1420502400000,"2015-01-05",52350.44,75000,51000,75000,5.33,272983.41,NaN
1420588800000,"2015-01-06",53998.07,53998.07,52350.44,52350.44,1.518,80492.75,NaN
1420675200000,"2015-01-07",58139.53,58139.53,51000,53998.07,5.211,275360,NaN
1420761600000,"2015-01-08",54000,58139.53,46140.01,58139.53,4.187,220041.24,NaN
1420848000000,"2015-01-09",53000,58283.79,53000,54000,1.454,77321.53,NaN
1420934400000,"2015-01-10",52500,53000,51819.18,53000,4.642,244190,NaN
1421020800000,"2015-01-11",56649,56649,45886,45886,6.014,319317.26,NaN
1421107200000,"2015-01-12",43500,71895.42,41999.16,56649,1.427,61816.55,NaN
1421193600000,"2015-01-13",34000,50000,34000,43500,7.399,278981.41,NaN
1421280000000,"2015-01-14",40000,40000,34000,34000,6.303,251892,NaN
1421366400000,"2015-01-15",40000,40499.49,37997.9,40000,11.74,465154,NaN
1421452800000,"2015-01-16",38500,40176.02,38500,40000,7.25,289682.91,NaN
1421539200000,"2015-01-17",40065,46118,38500,38500,3.445,138871.95,NaN
1421625600000,"2015-01-18",42872.45,45537.34,40000,40065,5.989,240444,NaN
1421712000000,"2015-01-19",43547,43547,36847.98,42872.45,9.028,361234.98,NaN
1421798400000,"2015-01-20",40000,43835.62,40000,43547,14.93,601334.59,NaN
1421884800000,"2015-01-21",43000.27,50359.71,40000,40000,16.08,697773.88,NaN
1421971200000,"2015-01-22",46800.05,50984.62,36429.87,43000.27,15.02,641914.98,NaN
1422057600000,"2015-01-23",44000,49898.46,37327.97,46800.05,5.527,244079.89,NaN
1422144000000,"2015-01-24",46082.95,46620.05,43000,44000,7.344,324140,NaN
1422230400000,"2015-01-25",43165.83,50513.4,43000,46082.95,1.495,67584.34,NaN
1422316800000,"2015-01-26",46999.84,57651.99,45000,50513.4,36.36,1725910.49,NaN
1422403200000,"2015-01-27",44117.65,53003.53,44117.65,46999.84,15.14,734636.45,NaN
1422489600000,"2015-01-28",45000,51753.88,40000,44117.65,15.34,662715.9,NaN
1422576000000,"2015-01-29",43388.01,47000,42000,45000,6.382,276284.18,NaN
1422662400000,"2015-01-30",42735.04,43478.26,42735.04,43388.01,0.0257,1100,NaN
1422748800000,"2015-01-31",40000,51194.54,36467.02,42735.04,6.398,278663.31,NaN
1422835200000,"2015-02-01",42999.85,47003.53,38028.8,40000,45.19,1940498.33,NaN
1422921600000,"2015-02-02",42486.64,45998.16,31136,42999.85,9.156,404102.25,NaN
1423008000000,"2015-02-03",40000,43763.68,40000,42486.64,6.431,272274.25,NaN
1423094400000,"2015-02-04",40800,43668.12,37171.9,40000,9.586,402237.5,NaN
1423180800000,"2015-02-05",43859.65,45450,37334.62,45450,8.454,350436.93,NaN
1423267200000,"2015-02-06",42004,43859.65,40485.83,43859.65,4.101,173107.88,NaN
1423353600000,"2015-02-07",43029.26,43029.26,42000,42004,4.663,195974,NaN
1423440000000,"2015-02-08",41000,43029.26,40540.54,43029.26,7.016,292677.67,NaN
1423526400000,"2015-02-09",41000,43620.5,40000,41000,13.65,567152.35,NaN
1423612800000,"2015-02-10",42696.6,42699.2,41000,41000,14.32,588783.25,NaN
1423699200000,"2015-02-11",42500,45454.55,40000,42696.6,9.496,393470,NaN
1423785600000,"2015-02-12",43500,47187.62,40000,42500,10.3,442742.38,NaN
1423872000000,"2015-02-13",41000,45450,37334.62,43500,1.01,41415.45,NaN
1423958400000,"2015-02-14",42979.94,44767,41000,41000,3.092,136900.5,NaN
1424044800000,"2015-02-15",43290.04,45966.44,40000,42979.94,9.734,420096.01,NaN
1424131200000,"2015-02-16",45495.91,45495.91,41999.16,43290.04,1.099,47000,NaN
1424217600000,"2015-02-17",44534.41,45751.63,39501,45495.91,2.804,123450.3,NaN
1424304000000,"2015-02-18",43899.61,45425.05,38507.58,44534.41,8.728,376650,NaN
1424390400000,"2015-02-19",45289.86,45801.53,40000,43899.61,12.94,572833.69,NaN
1424476800000,"2015-02-20",43000,46885.47,40000,44499.66,24.79,1090497.02,NaN
1424563200000,"2015-02-21",44499.69,45691.91,40018.28,43000,13.41,584758.63,NaN
1424649600000,"2015-02-22",43003.25,45058,42992.26,44499.69,16.14,707509.08,NaN
1424736000000,"2015-02-23",45931.76,70249.6,40000,43003.25,31.83,1413411.36,NaN
1424822400000,"2015-02-24",40000,46063.65,40000,45931.76,9.426,424713.47,NaN
1424908800000,"2015-02-25",48832.89,48832.89,40000,40000,16.84,773782.21,NaN
1424995200000,"2015-02-26",50000,53995.68,48012.29,48832.89,11.99,613500.01,NaN
1425081600000,"2015-02-27",54498.88,55727.55,50000,50000,6.972,377452.02,NaN
1425168000000,"2015-02-28",54000,55005.5,51801.8,54498.88,0.5166,27680,NaN
1425254400000,"2015-03-01",54704.6,56701.03,52132.4,54000,11.24,614225,NaN
1425340800000,"2015-03-02",55970.15,65963.06,54054.05,54704.6,28.36,1669397.15,NaN
1425427200000,"2015-03-03",66179.71,66510.17,55970.15,55970.15,10.48,688358.71,NaN
1425513600000,"2015-03-04",65000,77459.33,63000.63,66179.71,4.888,332875.48,NaN
1425600000000,"2015-03-05",83996.92,103305.79,65000,65000,4.351,357136.8,NaN
1425686400000,"2015-03-06",80000,93753,80000,83996.92,1.883,174567.51,NaN
1425772800000,"2015-03-07",68399.45,84530.85,68399.45,80000,2.258,175141,NaN
1425859200000,"2015-03-08",67499.16,80000,41608.88,68399.45,6.873,521087.76,NaN
1425945600000,"2015-03-09",72516.32,75068,64474.53,67499.16,27.35,1909498.72,NaN
1426032000000,"2015-03-10",78534.03,78534.03,65019.51,65019.51,8.686,618031.21,NaN
1426118400000,"2015-03-11",84317.03,84317.03,67980.97,78534.03,9.663,789000.01,NaN
1426204800000,"2015-03-12",83500,99761,72463.77,84317.03,16.91,1388158.06,NaN
1426291200000,"2015-03-13",74906.37,83500,74906.37,83500,0.0419,3200,NaN
1426377600000,"2015-03-14",75034.11,76804,68376.07,74906.37,1.643,121804,NaN
1426464000000,"2015-03-15",68259.39,76335.88,65217.39,75034.11,2.3,166275.05,NaN
1426550400000,"2015-03-16",77106.45,94062.32,65883.01,77369.44,12.1,932632.88,NaN
1426636800000,"2015-03-17",72992.7,78740.16,65248.23,77106.45,9.564,705195.98,NaN
1426723200000,"2015-03-18",69850.93,98296.2,63492.06,98296.2,20.1,1405652.33,NaN
1426809600000,"2015-03-19",67114.09,80677.69,66022.54,69850.93,4.65,346980.75,NaN
1426896000000,"2015-03-20",67030,81250,65000,67114.09,2.867,195387.26,NaN
1426982400000,"2015-03-21",67082.35,81250,67030,81250,0.897,60435.82,NaN
1427068800000,"2015-03-22",65019.51,69571.59,65019.51,68136.27,3.208,216933.76,NaN
1427155200000,"2015-03-23",63166.74,70970,62197.36,66759.48,9.059,608008.31,NaN
1427241600000,"2015-03-24",65934.07,67777.13,60499.12,63166.74,4.008,256376.13,NaN
1427328000000,"2015-03-25",62200,65934.07,60277.28,65934.07,9.036,580473.16,NaN
1427414400000,"2015-03-26",64194.01,65040.65,60000,62200,9.449,602391.49,NaN
1427500800000,"2015-03-27",62427.02,66304.2,60000,64194.01,4.59,297147.13,NaN
1427587200000,"2015-03-28",61016.95,64006.83,60149.41,62427.02,0.9316,56675,NaN
1427673600000,"2015-03-29",61055.5,65476.19,60561.95,61016.95,5.801,374258.51,NaN
1427760000000,"2015-03-30",61500,65000,61055.5,61055.5,9.093,581848.7,NaN
1427846400000,"2015-03-31",61500.98,66489.36,61492.79,61500,6.079,398197.53,NaN
1427932800000,"2015-04-01",66504.1,67114.09,61500.98,63492.06,1.97,126814.54,NaN
1428019200000,"2015-04-02",66000.38,66504.1,61000,66504.1,1.03,65500,NaN
1428105600000,"2015-04-03",66469.72,66469.72,65934.07,66000.38,0.1809,12000,NaN
1428192000000,"2015-04-04",63065.89,66469.72,63065.89,66469.72,1.549,97715.4,NaN
1428278400000,"2015-04-05",64510.56,69036.43,63065.89,63065.89,3.708,243534.25,NaN
1428364800000,"2015-04-06",64041,67995.11,62900,64510.56,10.65,701308.26,NaN
1428451200000,"2015-04-07",67001.68,67001.68,63456.19,64041,10.26,667062.31,NaN
1428537600000,"2015-04-08",64306.89,67001.68,62000,67001.68,12.6,826558.69,NaN
1428624000000,"2015-04-09",66500.42,66666.67,61403.51,64306.89,3.179,201933,NaN
1428710400000,"2015-04-10",68000,76923.08,61845,66500.42,0.9131,62355.55,NaN
1428796800000,"2015-04-11",64930,76818.33,64930,68000,0.968,67309.86,NaN
1428883200000,"2015-04-12",98701.98,98701.98,60658.1,64930,1.456,95385.89,NaN
1428969600000,"2015-04-13",75647.67,98701.98,62009.09,98701.98,6.272,430462.04,NaN
1429056000000,"2015-04-14",70197.04,75647.67,64962.36,75647.67,2.22,148865,NaN
1429142400000,"2015-04-15",69600,71002.56,68701.47,70197.04,6.615,465525.47,NaN
1429228800000,"2015-04-16",70199.06,81537,69579.74,69600,8.857,645430.81,NaN
1429315200000,"2015-04-17",70434.07,416666.67,69000.51,70199.06,2.747,204084.6,NaN
1429401600000,"2015-04-18",72505.8,79365.08,71526.82,73558.65,0.6275,45588.48,NaN
1429488000000,"2015-04-19",64485.98,72505.8,63000,72505.8,4.726,317302.86,NaN
1429574400000,"2015-04-20",70000,70011.67,60149.41,64485.98,19.99,1368759.67,NaN
1429660800000,"2015-04-21",71736.01,71999,62834,70000,15.27,1066199,NaN
1429747200000,"2015-04-22",70896.85,71736.01,64804.17,71736.01,6.147,429948.94,NaN
1429833600000,"2015-04-23",71716.72,71716.72,63923.59,70896.85,1.266,83712.43,NaN
1429920000000,"2015-04-24",63314.71,71716.72,63314.71,70434.07,1.907,129717.07,NaN
1430006400000,"2015-04-25",68965.52,98746,63314.71,63314.71,1.286,88507.46,NaN
1430092800000,"2015-04-26",69488.1,70000,61500,68965.52,9.551,648020.02,NaN
1430179200000,"2015-04-27",67867.43,69488.1,64500,69488.1,5.826,386585,NaN
1430265600000,"2015-04-28",66006.6,71500.07,64500,64500,9.597,666592.11,NaN
1430352000000,"2015-04-29",73153.35,73167.4,66006.6,66006.6,3.831,265524.99,NaN
1430438400000,"2015-04-30",69997.75,73153.35,64502.26,73153.35,2.602,173540.01,NaN
1430524800000,"2015-05-01",70441.99,70921.99,69997.75,69997.75,0.1227,8650,NaN
1430611200000,"2015-05-02",71518.5,75757.58,70000,70441.99,1.534,108259.25,NaN
1430697600000,"2015-05-03",58918.67,71518.5,58918.67,71518.5,1.316,87883.78,NaN
1430784000000,"2015-05-04",70262,71800,50000,58918.67,12.72,878130.67,NaN
1430870400000,"2015-05-05",70897.2,76335.88,65975.1,70262,8.929,626823.23,NaN
1430956800000,"2015-05-06",75987.84,75987.84,54003,70897.2,13.62,960898.97,NaN
1431043200000,"2015-05-07",67114.09,75987.84,64982.64,75987.84,13.81,941257.35,NaN
1431129600000,"2015-05-08",69533,75000,64496.68,67114.09,1.576,111166.6,NaN
1431216000000,"2015-05-09",73000,74074.07,66000,69533,0.3256,22586,NaN
1431302400000,"2015-05-10",67000,94295.14,67000,73000,2.737,194646.1,NaN
1431388800000,"2015-05-11",71501.53,72000,65000,69444.44,5.784,408934.74,NaN
1431475200000,"2015-05-12",71728.66,71787.51,65000,66937.42,4.711,330318.56,NaN
1431561600000,"2015-05-13",75000,76426.82,68008.71,71728.66,1.238,89574.44,NaN
1431648000000,"2015-05-14",79436,79436,68027.21,75000,7.152,532274.05,NaN
1431734400000,"2015-05-15",74074.07,82462.89,71988.07,79436,1.648,125422.84,NaN
1431820800000,"2015-05-16",76044.57,82673,74074.07,74074.07,1.093,84050.77,NaN
1431907200000,"2015-05-17",74561.4,159900,74500,76044.57,0.5808,45676.55,NaN
1431993600000,"2015-05-18",76555.02,82508.25,66444.07,66444.07,5.383,417429.99,NaN
1432080000000,"2015-05-19",80061.54,105263.16,75030.01,80884.34,3.982,338299.27,NaN
1432166400000,"2015-05-20",87014.03,95000,80061.54,80061.54,6.666,579226.13,NaN
1432252800000,"2015-05-21",96153.85,112000,80000,87014.03,3.865,403005.1,NaN
1432339200000,"2015-05-22",96500,110000,96153.85,96153.85,1.12,120847.15,NaN
1432425600000,"2015-05-23",80000,109649.12,80000,96500,0.0532,5700,NaN
1432512000000,"2015-05-24",105000,109717.87,61000,108303.25,1.955,204630.87,NaN
1432598400000,"2015-05-25",91491.31,108108.11,90981.01,105000,1.847,182500,NaN
1432684800000,"2015-05-26",85000,100000,84527.24,91491.31,3.05,281954.83,NaN
1432771200000,"2015-05-27",100725.22,100726.67,85000,85000,13.65,1318111.31,NaN
1432857600000,"2015-05-28",93660.65,110574.99,86909.39,100725.22,5.338,521190,NaN
1432944000000,"2015-05-29",104467,104467,92879.26,93660.65,0.0523,5089.34,NaN
1433030400000,"2015-05-30",95000,120000,94991.36,104467,0.6321,64865,NaN
1433116800000,"2015-05-31",106496.27,109983.08,85420.71,95000,5.052,507904.94,NaN
1433203200000,"2015-06-01",107526.88,107526.88,90599.05,106496.27,1.132,113662.58,NaN
1433289600000,"2015-06-02",105988.34,107526.88,90600.23,107526.88,2.384,230413.14,NaN
1433376000000,"2015-06-03",101476.01,107070.71,90599,105988.34,2.003,201948.08,NaN
1433462400000,"2015-06-04",94002.63,109668,91298.95,101476.01,5.721,548850.67,NaN
1433548800000,"2015-06-05",94000,108285,64410.48,94002.63,0.6832,66119.79,NaN
1433635200000,"2015-06-06",106382.98,107526.88,84033.61,94000,0.0616,5500,NaN
1433721600000,"2015-06-07",103996.74,106382.98,83612.04,106382.98,2.486,249067.21,NaN
1433808000000,"2015-06-08",100000,108829.57,92592.59,103996.74,4.938,490349.58,NaN
1433894400000,"2015-06-09",104000,104000,93510.64,100000,2.552,249417.61,NaN
1433980800000,"2015-06-10",95000,104024.77,94936.71,104000,2.37,232767,NaN
1434067200000,"2015-06-11",100500,104000,94979.65,95000,5.751,576325,NaN
1434153600000,"2015-06-12",102000,103000,94966.76,100500,2.215,222030,NaN
1434240000000,"2015-06-13",96514.35,104031.21,96463.02,102000,0.9751,96776.4,NaN
1434326400000,"2015-06-14",103483.96,105922,93096.79,96514.35,8.802,875751.95,NaN
1434412800000,"2015-06-15",101010.1,108000,96999.59,103483.96,9.124,923778.63,NaN
1434499200000,"2015-06-16",110000,110019.65,94160.83,101010.1,4.175,448088.25,NaN
1434585600000,"2015-06-17",100000,123176,97987.29,110000,4.646,497917.81,NaN
1434672000000,"2015-06-18",118000,123456.79,100000,100000,2.68,298879.06,NaN
1434758400000,"2015-06-19",121212.12,121212.12,104821.22,118000,1.899,224452.9,NaN
1434844800000,"2015-06-20",109993.29,125000,109993.29,121212.12,4.425,518503.75,NaN
1434931200000,"2015-06-21",123839.01,124023.89,102000,109993.29,5.59,642172.89,NaN
1435017600000,"2015-06-22",113016.7,123839.01,104384.13,123839.01,1.848,213296.92,NaN
1435104000000,"2015-06-23",115925.06,117500.7,101775,113016.7,1.914,217638.75,NaN
1435190400000,"2015-06-24",103030.3,129000,102880.66,115925.06,3.908,449228.89,NaN
1435276800000,"2015-06-25",115942.03,116996.38,102932,103030.3,4.539,520087.86,NaN
1435363200000,"2015-06-26",123500,123500,103652.52,115942.03,2.275,263503.01,NaN
1435449600000,"2015-06-27",120000,123500,114600,123500,1.736,204704.64,NaN
1435536000000,"2015-06-28",108985.23,123992.56,102384,120000,6.054,718966.56,NaN
1435622400000,"2015-06-29",125944.58,125944.58,108985.23,108985.23,4.893,573845.9,NaN
1435708800000,"2015-06-30",125240.85,130000,111464.97,125944.58,6.85,835486.71,NaN
1435795200000,"2015-07-01",119521.91,126512.1,115500,125240.85,5.22,641828.21,NaN
1435881600000,"2015-07-02",116279.07,133886.26,116279.07,119521.91,3.277,406382.87,NaN
1435968000000,"2015-07-03",131849.09,131849.09,102980,116279.07,0.3372,40654.77,NaN
1436054400000,"2015-07-04",134328.36,134328.36,103910,131849.09,1.343,169287.8,NaN
1436140800000,"2015-07-05",136008.3,143884.89,125062.92,134328.36,1.398,188251.75,NaN
1436227200000,"2015-07-06",149253.73,149253.73,126600,136008.3,4.541,626347.53,NaN
1436313600000,"2015-07-07",140823,158102.77,131000,149253.73,8.031,1211090.45,NaN
1436400000000,"2015-07-08",187617.26,187617.26,146000,158061.12,3.368,535377.09,NaN
1436486400000,"2015-07-09",178593.75,200000,162991.37,187617.26,6.681,1221992.25,NaN
1436572800000,"2015-07-10",179982.44,206896.55,177053.82,178593.75,3.755,687243,NaN
1436659200000,"2015-07-11",177215.19,205023.07,177215.19,179982.44,1.282,250115.2,NaN
1436745600000,"2015-07-12",179028.13,210000,174711.99,177215.19,5.764,1087815.62,NaN
1436832000000,"2015-07-13",179721.23,193798.45,171428.57,179028.13,5.998,1108076.99,NaN
1436918400000,"2015-07-14",194000,207633,170359,179721.23,7.529,1448322.94,NaN
1437004800000,"2015-07-15",177476.26,200000,174418.6,194000,6.181,1142652.13,NaN
1437091200000,"2015-07-16",163928.42,185528.76,163928.42,177476.26,4.215,748894.06,NaN
1437177600000,"2015-07-17",185185.19,185185.19,163487.74,163928.42,1.151,194612.41,NaN
1437264000000,"2015-07-18",172910.66,185185.19,151756,185185.19,5.179,921958.64,NaN
1437350400000,"2015-07-19",172853.83,183016.11,161320,172910.66,4,704880.3,NaN
1437436800000,"2015-07-20",174000,193236.71,163176.67,172853.83,5.453,989480.93,NaN
1437523200000,"2015-07-21",171188,181983.62,170940.17,174000,14.24,2487775.32,NaN
1437609600000,"2015-07-22",168000,181818.18,142655,171188,3.888,678795.74,NaN
1437696000000,"2015-07-23",170016.02,208333.33,157676.35,168000,14.3,2571024.77,NaN
1437782400000,"2015-07-24",170038.54,189013.59,158817.69,170016.02,2.226,401494.23,NaN
1437868800000,"2015-07-25",175000,188679.25,164583.33,170038.54,3.997,696742,NaN
1437955200000,"2015-07-26",199004.98,207756.23,170100,175000,9.047,1625615.84,NaN
1438041600000,"2015-07-27",186393.29,199004.98,156000,199004.98,6.709,1195557.89,NaN
1438128000000,"2015-07-28",196014.37,200000,166029.27,186393.29,10.62,1972762.42,NaN
1438214400000,"2015-07-29",190597.2,196014.37,180000,196014.37,0.9158,172480,NaN
1438300800000,"2015-07-30",180180.18,194497.25,161897,190597.2,5.72,1077496.68,NaN
1438387200000,"2015-07-31",187531.68,194319.88,162601.63,180180.18,1.805,329912.09,NaN
1438473600000,"2015-08-01",187989.56,187989.56,92131.19,187531.68,1.49,258658.84,NaN
1438560000000,"2015-08-02",183000,188002.93,178000,187989.56,5.445,996527.01,NaN
1438646400000,"2015-08-03",183469.72,186985.79,162484,183000,3.152,579008.86,NaN
1438732800000,"2015-08-04",187997.78,188000,171151.72,183469.72,3.792,702564.37,NaN
1438819200000,"2015-08-05",190500,191228.07,157629,187997.78,7.544,1416923.03,NaN
1438905600000,"2015-08-06",183027.47,192307.69,1751.99,190500,2.901,440609.08,NaN
1438992000000,"2015-08-07",174978.13,189504.37,174978.13,183027.47,3.987,729471.01,NaN
1439078400000,"2015-08-08",185526.32,188524.59,162433.86,174978.13,0.653,113500,NaN
1439164800000,"2015-08-09",174064.4,185526.32,150406.5,185526.32,3.67,644441.6,NaN
1439251200000,"2015-08-10",181983.62,182926.83,41806.02,174064.4,2.244,398703.45,NaN
1439337600000,"2015-08-11",173000,183008.48,152173.91,181983.62,4.863,853219.35,NaN
1439424000000,"2015-08-12",180018,181000,170940.17,173000,4.46,785740,NaN
1439510400000,"2015-08-13",151221,185185.19,151221,180018,3.27,566092.94,NaN
1439596800000,"2015-08-14",169140.51,176829.27,151221,151221,1.289,223310.83,NaN
1439683200000,"2015-08-15",165000,173010.38,165000,169140.51,0.5985,102043.5,NaN
1439769600000,"2015-08-16",165100,173500,157068.06,165000,7.646,1288664.53,NaN
1439856000000,"2015-08-17",175763.18,179032.85,153926.43,165100,6.014,1026140.31,NaN
1439942400000,"2015-08-18",139247.84,457777,139247.84,175763.18,2.353,396240.24,NaN
1440028800000,"2015-08-19",149057.14,169500,76555.02,139247.84,7.155,1152167.95,NaN
1440115200000,"2015-08-20",165289.26,168195.72,139442.23,149057.14,4.365,682943.66,NaN
1440201600000,"2015-08-21",146757.68,168067.23,146757.68,165289.26,5.9,960810,NaN
1440288000000,"2015-08-22",163200,231395.35,146757.68,146757.68,0.3253,52105.6,NaN
1440374400000,"2015-08-23",162000,171009.77,142000,163200,6.21,982229.53,NaN
1440460800000,"2015-08-24",152061.23,162000,144997.58,162000,5.119,807262.65,NaN
1440547200000,"2015-08-25",166112.96,173913.04,144927.54,151000,12.63,1984098.7,NaN
1440633600000,"2015-08-26",154000,166112.96,140975,166112.96,14.02,2178426.77,NaN
1440720000000,"2015-08-27",166666.67,166666.67,143248.32,150100,7.652,1181296.66,NaN
1440806400000,"2015-08-28",164000,167000,140021.78,157992.1,3.731,612523.21,NaN
1440892800000,"2015-08-29",164444.44,166666.67,150000,164000,0.2855,43200,NaN
1440979200000,"2015-08-30",151515.15,165745.86,140252.45,164444.44,7.072,1116276.65,NaN
1441065600000,"2015-08-31",152500,160142.35,151500,151515.15,3.662,564738.44,NaN
1441152000000,"2015-09-01",159420.29,161290.32,146281.02,152500,7.469,1151826.92,NaN
1441238400000,"2015-09-02",160487.88,160599.57,150073.21,159420.29,5.296,823427.5,NaN
1441324800000,"2015-09-03",157500,161943.32,154575,160487.88,4.893,767969.73,NaN
1441411200000,"2015-09-04",162357.81,168000,153256.7,157500,1.565,257389.57,NaN
1441497600000,"2015-09-05",174193.55,175438.6,158536.59,158536.59,0.6598,111176,NaN
1441584000000,"2015-09-06",160500,174193.55,153105.77,174193.55,1.108,183933.47,NaN
1441670400000,"2015-09-07",164600,174520.07,160500,160500,3.2,535571.26,NaN
1441756800000,"2015-09-08",163161.71,212765.96,163161.71,164600,1.913,323887.44,NaN
1441843200000,"2015-09-09",166112.96,172077.92,146804.51,163161.71,11.25,1860498.43,NaN
1441929600000,"2015-09-10",163199.2,170502.98,146905,163294.8,12.12,2001371.74,NaN
1442016000000,"2015-09-11",167448.09,173333.33,141056.52,163199.2,11.41,1901786.66,NaN
1442102400000,"2015-09-12",141056.52,170001.31,141056.52,167448.09,4.303,728605.43,NaN
1442188800000,"2015-09-13",159090.91,168010.75,141056.52,141056.52,6.53,1061146.99,NaN
1442275200000,"2015-09-14",161023.95,330000,151571.51,159090.91,6.791,1083482.62,NaN
1442361600000,"2015-09-15",162441.31,168918.92,155228.76,166011.36,4.625,743574.38,NaN
1442448000000,"2015-09-16",156000,166000,156000,162441.31,2.763,439365.03,NaN
1442534400000,"2015-09-17",164005,165745.86,142252,156000,1.69,269182.78,NaN
1442620800000,"2015-09-18",156000,168918.92,155925.16,164005,1.777,286752.8,NaN
1442707200000,"2015-09-19",156093.49,471750.25,155660.38,156000,1.31,212290,NaN
1442793600000,"2015-09-20",155993.43,165289.26,139055,156093.49,5.973,949002.73,NaN
1442880000000,"2015-09-21",158562.37,166666.67,155000,155993.43,7.681,1245130.5,NaN
1442966400000,"2015-09-22",167523,172413.79,156000,156000,6.354,1045567.37,NaN
1443052800000,"2015-09-23",173010.38,174067,158730.16,167523,3.608,620481.31,NaN
1443139200000,"2015-09-24",184678,184729.06,162500,173010.38,5.77,1024565.29,NaN
1443225600000,"2015-09-25",166666.67,190839.69,166666.67,184678,1.818,318541.8,NaN
1443312000000,"2015-09-26",166666.67,187059,166666.67,166666.67,1.359,248941.75,NaN
1443398400000,"2015-09-27",173500,191000,158227.85,158227.85,1.985,344950.75,NaN
1443484800000,"2015-09-28",190114.07,191256.83,172413.79,173500,3.643,662558.27,NaN
1443571200000,"2015-09-29",186091.3,201000,180427.4,190114.07,4.084,773062.22,NaN
1443657600000,"2015-09-30",195000,203045.69,175029.17,186091.3,4.893,947074.19,NaN
1443744000000,"2015-10-01",198863.64,200000,184956.84,195000,4.906,939338.16,NaN
1443830400000,"2015-10-02",186930.09,201612.9,176202.36,198863.64,3.633,703188.36,NaN
1443916800000,"2015-10-03",199004.98,202020.2,174033,186930.09,2.15,407719.51,NaN
1444003200000,"2015-10-04",187500,199004.98,186915.89,199004.98,3.348,638403.39,NaN
1444089600000,"2015-10-05",197368.42,200000,180100,187500,3.743,697117.89,NaN
1444176000000,"2015-10-06",193000,223025.92,170103.09,197368.42,4.985,958543.92,NaN
1444262400000,"2015-10-07",184003.93,196078.43,170068.03,193000,5.822,1047114.19,NaN
1444348800000,"2015-10-08",179500,202020.2,170100,184016.82,5.605,1037224.05,NaN
1444435200000,"2015-10-09",175000,490196.08,175000,179500,2.335,425475.7,NaN
1444521600000,"2015-10-10",175925.93,202020.2,175000,175000,2.642,487775,NaN
1444608000000,"2015-10-11",178500,188679.25,160218.87,180500,1.02,182685.68,NaN
1444694400000,"2015-10-12",193000,202016.31,178451.18,178500,11.19,2114274.45,NaN
1444780800000,"2015-10-13",190114.07,193798.45,170410.24,193000,3.958,730076.84,NaN
1444867200000,"2015-10-14",201938.61,201938.61,173332,190114.07,5.879,1104792.9,NaN
1444953600000,"2015-10-15",180000,201938.61,178500,201938.61,5.869,1099887.5,NaN
1445040000000,"2015-10-16",188679.25,231395.35,166000,180000,2.354,464486,NaN
1445126400000,"2015-10-17",183038.44,219999.39,158562.37,188679.25,2.011,434622.5,NaN
1445212800000,"2015-10-18",206003.53,218340.61,182481.75,218340.61,5.484,1102572.24,NaN
1445299200000,"2015-10-19",220000,220820.19,189969.6,206003.53,5.238,1086000,NaN
1445385600000,"2015-10-20",198463.51,220000,183038.44,220000,1.327,258980.15,NaN
1445472000000,"2015-10-21",191637.63,232443.13,180327.87,184898.55,4.708,955719.98,NaN
1445558400000,"2015-10-22",200000,235294.12,175219.67,191637.63,10.24,2051244.26,NaN
1445644800000,"2015-10-23",234986.95,234986.95,197222.22,200000,7.102,1565217.18,NaN
1445731200000,"2015-10-24",215982.72,245901.64,184696.57,234986.95,0.3422,76708,NaN
1445817600000,"2015-10-25",228937.73,243902.44,212121.21,215982.72,3.336,753840.3,NaN
1445904000000,"2015-10-26",255025,255025,219298.25,228937.73,6.755,1588148.92,NaN
1445990400000,"2015-10-27",235000,442890.44,227272.73,442890.44,2.206,520209.85,NaN
1446076800000,"2015-10-28",232000,256410.26,228723.4,235000,6.184,1466180.22,NaN
1446163200000,"2015-10-29",246548.32,263157.89,195007.8,232000,3.264,786697.39,NaN
1446249600000,"2015-10-30",237000,260416.67,237000,246548.32,5.03,1258296.72,NaN
1446336000000,"2015-10-31",276004.55,276004.55,158037.27,237000,0.5754,149380.4,NaN
1446422400000,"2015-11-01",245000,280000,225399.27,276004.55,4.096,998538.08,NaN
1446508800000,"2015-11-02",294262.5,324976.79,245000,245000,5.124,1485249.64,NaN
1446595200000,"2015-11-03",294981.1,410742.5,257687.29,294262.5,5.548,1869196.15,NaN
1446681600000,"2015-11-04",298000,406504.07,202219.05,294981.1,2.245,660551.45,NaN
1446768000000,"2015-11-05",263157.89,317002.88,162866.45,162866.45,7.258,2082902.53,NaN
1446854400000,"2015-11-06",280000,327868.85,255136.75,263157.89,1.166,319640.93,NaN
1446940800000,"2015-11-07",263157.89,316455.7,263157.89,280000,0.966,280912.41,NaN
1447027200000,"2015-11-08",310008.86,312370.82,160192.23,263157.89,3.695,1076913.01,NaN
1447113600000,"2015-11-09",250000,310008.86,245790.44,310008.86,3.195,890170.78,NaN
1447200000000,"2015-11-10",231500,281981.59,198780.81,250000,3.257,790455.9,NaN
1447286400000,"2015-11-11",246913.58,284900.28,230625.6,231500,6.57,1683710.95,NaN
1447372800000,"2015-11-12",278688.52,647570,245000,246913.58,10.48,3903546.85,NaN
1447459200000,"2015-11-13",274725.27,303030.3,255102.04,278688.52,2.099,555784.26,NaN
1447545600000,"2015-11-14",248226.95,285000,248226.95,274725.27,3.119,837952.82,NaN
1447632000000,"2015-11-15",261239.67,272000,259740.26,261747.3,2.828,747362.32,NaN
1447718400000,"2015-11-16",262279.45,281000,260250,261239.67,3.735,997111.21,NaN
1447804800000,"2015-11-17",270618.56,284987.54,253108.81,262279.45,4.637,1255434.46,NaN
1447891200000,"2015-11-18",275000,285714.29,255818.59,270618.56,6.821,1804053.48,NaN
1447977600000,"2015-11-19",268000,281066.67,250000,275000,1.629,419049.63,NaN
1448064000000,"2015-11-20",274235.57,277777.78,250000,268000,2.199,582917.02,NaN
1448150400000,"2015-11-21",294190.97,294190.97,237797.4,274235.57,1.542,419182.54,NaN
1448236800000,"2015-11-22",256054.97,281690.14,245000,272727.27,4.991,1308072.98,NaN
1448323200000,"2015-11-23",264550.26,275000,247112.07,256054.97,6.401,1701382.73,NaN
1448409600000,"2015-11-24",270489.59,275229.36,250480.73,264550.26,8.617,2258117.58,NaN
1448496000000,"2015-11-25",279329.61,293501.05,240000,270489.59,10.92,2907353.12,NaN
1448582400000,"2015-11-26",292470.44,333333.33,250000,279329.61,4.924,1440671.67,NaN
1448668800000,"2015-11-27",279761.97,307692.31,269905.53,292470.44,1.832,531155.2,NaN
1448755200000,"2015-11-28",322000,338983.05,180500,180500,2.089,632439.87,NaN
1448841600000,"2015-11-29",280000,343878.95,280000,343878.95,5.516,1684709.42,NaN
1448928000000,"2015-11-30",301991.96,317796.61,270000,280000,2.838,815052.95,NaN
1449014400000,"2015-12-01",293300,333333.33,281400,301991.96,7.021,2097720.27,NaN
1449100800000,"2015-12-02",299250,369913.69,285714.29,369913.69,4.699,1432067.25,NaN
1449187200000,"2015-12-03",299500,348837.21,294545.05,299250,2.778,864720.65,NaN
1449273600000,"2015-12-04",328947.37,333055.79,287567.89,299500,8.077,2568213.14,NaN
1449360000000,"2015-12-05",305033.05,386650.39,267857.14,328947.37,1.258,411919.96,NaN
1449446400000,"2015-12-06",315372.63,355000,305033.05,305033.05,4.194,1358084.61,NaN
1449532800000,"2015-12-07",320000,340000,273302.48,315372.63,1.586,516084.99,NaN
1449619200000,"2015-12-08",348999.53,369962.12,320652.17,339904.83,6.073,2087822.57,NaN
1449705600000,"2015-12-09",320000,348999.53,318540,348999.53,4.735,1577582.44,NaN
1449792000000,"2015-12-10",329896.91,401674,315789.47,320000,5.136,1782097.61,NaN
1449878400000,"2015-12-11",325565.46,372439.48,238095.24,329896.91,2.696,916150.46,NaN
1449964800000,"2015-12-12",341603.23,400000,320000,325565.46,2.647,949708.23,NaN
1450051200000,"2015-12-13",348410,375939.85,321428.57,341603.23,5.723,1971978.33,NaN
1450137600000,"2015-12-14",366373.63,390015.6,336000,348410,3.722,1353626.52,NaN
1450224000000,"2015-12-15",355500,416666.67,336145.94,341040.46,5.105,1880239.78,NaN
1450310400000,"2015-12-16",346817.33,394975,346817.33,355500,2.724,1015450.23,NaN
1450396800000,"2015-12-17",398550.72,400000,331818.18,386100.39,3.518,1292628.26,NaN
1450483200000,"2015-12-18",387972.84,400000,357000,398550.72,0.7002,265012.45,NaN
1450569600000,"2015-12-19",347741.86,388059.7,347741.86,387972.84,0.7987,302874.34,NaN
1450656000000,"2015-12-20",352112.68,388349.51,300273.33,347741.86,1.252,437946.37,NaN
1450742400000,"2015-12-21",340674.47,387596.9,316036.18,352112.68,3.843,1314804.32,NaN
1450828800000,"2015-12-22",317196.79,374191.71,308762.92,315000,6.959,2292360.72,NaN
1450915200000,"2015-12-23",314881,355450.24,300736,317196.79,1.706,564774.87,NaN
1451001600000,"2015-12-24",359712.23,360824.74,314881,314881,1.623,555537.92,NaN
1451088000000,"2015-12-25",341296.93,365201.25,300000,340000,1.343,448868.98,NaN
1451174400000,"2015-12-26",294736.36,360036,294736.36,341296.93,1.956,657867.24,NaN
1451260800000,"2015-12-27",316055.63,354838.71,280033.6,294736.36,3.406,1139181.19,NaN
1451347200000,"2015-12-28",300000,347222.22,299401.2,316055.63,5.508,1747830.85,NaN
1451433600000,"2015-12-29",319987.43,363636.36,294117.65,300000,6.827,2217254.73,NaN
1451520000000,"2015-12-30",305000,350877.19,304856.7,319987.43,1.78,589749.37,NaN
1451606400000,"2015-12-31",349984.09,350000,305000,305000,1.575,525626.72,NaN
1451692800000,"2016-01-01",350271.34,355000,305000,309897,4.315,1486889.1,NaN
1451779200000,"2016-01-02",333775.17,387897.6,303250.5,350271.34,1.046,366513.59,NaN
1451865600000,"2016-01-03",364963.5,393127.54,306597.67,330000,4.174,1401288.54,NaN
1451952000000,"2016-01-04",321244,384000,307000,364963.5,6.989,2375814.55,NaN
1452038400000,"2016-01-05",352733.69,382874.14,319444.44,321244,3.953,1377926.59,NaN
1452124800000,"2016-01-06",350000,417201.54,322439.2,417201.54,1.811,630301.49,NaN
1452211200000,"2016-01-07",361000,400000,323809.52,350000,6.647,2454858.9,NaN
1452297600000,"2016-01-08",362844.7,409836.07,346817.33,361000,2.801,1048657.79,NaN
1452384000000,"2016-01-09",384615.38,385356.45,349895.03,362844.7,0.7865,292430,NaN
1452470400000,"2016-01-10",355500,384615.38,345082.19,384615.38,2.325,845029.72,NaN
1452556800000,"2016-01-11",398058.25,411861.61,339943.34,355500,4.354,1557719.96,NaN
1452643200000,"2016-01-12",375939.85,398058.25,320622.5,398058.25,1.581,546229.47,NaN
1452729600000,"2016-01-13",355000,411120.86,329508.2,367019.16,4.312,1542491.27,NaN
1452816000000,"2016-01-14",322580.65,377358.49,300000,355000,3.936,1361874.29,NaN
1452902400000,"2016-01-15",322580.65,365853.66,300000,322580.65,2.938,998720.94,NaN
1452988800000,"2016-01-16",385365.85,385365.85,315000,322580.65,0.84,288115.96,NaN
1453075200000,"2016-01-17",325451.28,385365.85,314657.61,385365.85,5.793,1973701.32,NaN
1453161600000,"2016-01-18",320512.82,384615.38,287727.27,349344.98,6.533,2187959.98,NaN
1453248000000,"2016-01-19",373000,383877.16,324858.76,357244.97,3.948,1383344.47,NaN
1453334400000,"2016-01-20",365000,380073.8,198463.51,373000,12.3,4339225.84,NaN
1453420800000,"2016-01-21",364963.5,378787.88,300000,365000,3.846,1318759.25,NaN
1453507200000,"2016-01-22",337837.84,652173.91,309907.83,364963.5,3.205,1098542,NaN
1453593600000,"2016-01-23",340000,384615.38,335191.13,337837.84,3.158,1109548.61,NaN
1453680000000,"2016-01-24",350000,400000,335000,340000,2.954,1085458.71,NaN
1453766400000,"2016-01-25",345454.55,384615.38,311320.75,350000,4.941,1745677.21,NaN
1453852800000,"2016-01-26",369770.17,382352.94,344747,345454.55,5.947,2133165.12,NaN
1453939200000,"2016-01-27",376811.59,3626943.01,337000,369770.17,4.459,1650642.86,NaN
1454025600000,"2016-01-28",357785,3626943.01,346653.97,376811.59,5.538,2000938.67,NaN
1454112000000,"2016-01-29",358078.7,396825.4,341614.91,357785,5.029,1799626.26,NaN
1454198400000,"2016-01-30",372750,397350.99,350000,358078.7,1.775,656956.78,NaN
1454284800000,"2016-01-31",383333.33,561000,316238,372750,1.219,452392.62,NaN
1454371200000,"2016-02-01",385059.68,406976.74,100000,383333.33,5.998,2127642.79,NaN
1454457600000,"2016-02-02",384615.38,400000,357142.86,385059.68,8.097,2957402.25,NaN
1454544000000,"2016-02-03",373134.33,427255,360000,384615.38,4.307,1651533.13,NaN
1454630400000,"2016-02-04",385037.95,421940.93,361534,366171.3,6.199,2429151.48,NaN
1454716800000,"2016-02-05",375606.67,420388.86,372609.67,420388.86,1.766,666535.11,NaN
1454803200000,"2016-02-06",419000,424252.76,375606.67,375606.67,1.27,523852.76,NaN
1454889600000,"2016-02-07",373831.78,430151.87,373015.87,419000,3.203,1251745.47,NaN
1454976000000,"2016-02-08",378340.37,442477.88,326000,373831.78,3.125,1220283,NaN
1455062400000,"2016-02-09",361336.95,400000,359604.99,378340.37,7.063,2686333.06,NaN
1455148800000,"2016-02-10",362318.84,395000,285714.29,285714.29,4.136,1510387.83,NaN
1455235200000,"2016-02-11",350877.19,490196.08,350877.19,362318.84,3,1096118.9,NaN
1455321600000,"2016-02-12",372750.64,408118.75,350877.19,350877.19,2.167,816117.66,NaN
1455408000000,"2016-02-13",384615.38,454545.45,367947.42,373191.33,1.615,615110.15,NaN
1455494400000,"2016-02-14",377358.49,416666.67,370000,384615.38,5.27,2045247.34,NaN
1455580800000,"2016-02-15",421052.63,422000,363950.33,377358.49,5.068,1999449.21,NaN
1455667200000,"2016-02-16",444998.22,444998.22,351562.5,351562.5,5.276,2204396.36,NaN
1455753600000,"2016-02-17",439932.32,480211.76,401700,444998.22,7.551,3415844.92,NaN
1455840000000,"2016-02-18",485729.19,485729.19,422511.74,439932.32,9.916,4427433.77,NaN
1455926400000,"2016-02-19",443037.97,488888.89,424000,485729.19,2.583,1142098.69,NaN
1456012800000,"2016-02-20",364229.41,505000,364229.41,443037.97,2.087,999741.48,NaN
1456099200000,"2016-02-21",446000,504032.26,364229.41,364229.41,5.288,2421178.4,NaN
1456185600000,"2016-02-22",432633.72,475862.07,400000,446000,7.203,3210031.77,NaN
1456272000000,"2016-02-23",426065.16,477488.39,400000,422027.53,4.852,2143421.88,NaN
1456358400000,"2016-02-24",429700,504201.68,409836.07,426065.16,3.302,1429256.68,NaN
1456444800000,"2016-02-25",476190.48,561000,402061.86,561000,5.774,2517550.17,NaN
1456531200000,"2016-02-26",435580.01,495838.46,422100,476190.48,1.775,786193.85,NaN
1456617600000,"2016-02-27",480000,485829.96,434949.17,435580.01,1.282,590533.84,NaN
1456704000000,"2016-02-28",422000,489481,416666.67,480000,4.857,2156485.01,NaN
1456790400000,"2016-02-29",414653.33,492957.75,386100.39,422000,5.329,2362780.63,NaN
1456876800000,"2016-03-01",431027.06,519480.52,411522.63,414653.33,7.765,3435111.99,NaN
1456963200000,"2016-03-02",414364.64,460213.78,414364.64,431027.06,5.222,2239284.99,NaN
1457049600000,"2016-03-03",408331.63,497017.89,400801.6,414364.64,3.902,1675531.2,NaN
1457136000000,"2016-03-04",442477.88,474560.08,385899.81,408331.63,7.385,3183842.4,NaN
1457222400000,"2016-03-05",446030.33,449438.2,382000,442477.88,2.942,1210878.33,NaN
1457308800000,"2016-03-06",422197.97,462962.96,380000,446030.33,7.021,3046847.77,NaN
1457395200000,"2016-03-07",444444.44,509684,394400,415000,13.62,6084917.48,NaN
1457481600000,"2016-03-08",433140.87,457746.48,400003.39,444444.44,7.139,3057625.59,NaN
1457568000000,"2016-03-09",450000,515995.87,420000,433140.87,11.09,5088026.96,NaN
1457654400000,"2016-03-10",465012.85,531286.89,420000,450000,6.24,2933546.07,NaN
1457740800000,"2016-03-11",472103,507614.21,404761.9,465012.85,1.606,756891.82,NaN
1457827200000,"2016-03-12",465116.28,507000,430818.26,472103,2.404,1178503.99,NaN
1457913600000,"2016-03-13",482160.08,511210.74,419175.82,465116.28,4.645,2235137.84,NaN
1458000000000,"2016-03-14",483000,508474.58,400000,482160.08,9.595,4320808.9,NaN
1458086400000,"2016-03-15",445632.8,500000,400000,483000,6.872,3174677.46,NaN
1458172800000,"2016-03-16",457000,502793.3,445632.8,445632.8,11.51,5492775.17,NaN
1458259200000,"2016-03-17",470035.25,508474.58,425531.91,457000,5.538,2587488.54,NaN
1458345600000,"2016-03-18",494741.38,505050.51,410000,470035.25,4.385,2028616.04,NaN
1458432000000,"2016-03-19",411764.71,494741.38,411535.85,494741.38,1.591,726588.66,NaN
1458518400000,"2016-03-20",448762.98,498007.97,403225.81,411764.71,10.66,4983972.68,NaN
1458604800000,"2016-03-21",427000,505096.04,425531.91,448762.98,6.822,3042659.09,NaN
1458691200000,"2016-03-22",441176.47,783245.24,404761.9,427000,3.447,1523728.14,NaN
1458777600000,"2016-03-23",436872,480769.23,415800,452973.6,2.892,1298024.75,NaN
1458864000000,"2016-03-24",422297.3,484094.05,400000,416012.56,3.003,1311202.06,NaN
1458950400000,"2016-03-25",465116.28,480769.23,389863.55,422297.3,1.356,572849.92,NaN
1459036800000,"2016-03-26",451127.82,500000,400000,465116.28,1.806,798056.8,NaN
1459123200000,"2016-03-27",405900,476190.48,47477.22,451127.82,7.102,2875569.31,NaN
1459209600000,"2016-03-28",460000,463576.16,384615.38,405900,8.203,3401962.55,NaN
1459296000000,"2016-03-29",412087.91,460000,379032.03,460000,5.62,2311861.17,NaN
1459382400000,"2016-03-30",398514,446972.78,325123.53,421792.62,8.427,3411816.5,NaN
1459468800000,"2016-03-31",376200,636262,370004.93,398514,7.671,3589914.01,NaN
1459555200000,"2016-04-01",410958.9,462107.21,376200,405330.97,3.556,1408018.98,NaN
1459641600000,"2016-04-02",400135.48,483870.97,400000,410958.9,1.609,670883.87,NaN
1459728000000,"2016-04-03",379746.84,476315.79,377274.29,400135.48,4.701,2067824.19,NaN
1459814400000,"2016-04-04",417000,469483.57,379746.84,379746.84,4.246,1808120.82,NaN
1459900800000,"2016-04-05",419664.27,464684.01,377358.49,417000,4.111,1752311.94,NaN
1459987200000,"2016-04-06",400000,476190.48,390000,418000,7.266,3125999.99,NaN
1460073600000,"2016-04-07",427835.05,554785.02,400000,400000,7.201,3166968.62,NaN
1460160000000,"2016-04-08",423008,490998.36,416666.67,425033,6.746,2945038.83,NaN
1460246400000,"2016-04-09",420168.07,473933.65,405900,423008,3.857,1642657.72,NaN
1460332800000,"2016-04-10",479998.98,479998.98,405885.34,420168.07,12.61,5566080.08,NaN
1460419200000,"2016-04-11",441128,480000,409948.46,432900.43,12.65,5602490.21,NaN
1460505600000,"2016-04-12",442000,483384.03,416666.67,441128,8.463,3807053.88,NaN
1460592000000,"2016-04-13",458715.6,487804.88,412500,442000,10.39,4654822.23,NaN
1460678400000,"2016-04-14",428816.47,481283.42,410447.76,458715.6,9.877,4415287.25,NaN
1460764800000,"2016-04-15",461538.46,489690.72,410000,428816.47,5.374,2388663.84,NaN
1460851200000,"2016-04-16",448063.04,676691.73,400000,461538.46,4.076,1875584.75,NaN
1460937600000,"2016-04-17",469812.08,517803.55,400000,469993.9,12.74,5899870.18,NaN
1461024000000,"2016-04-18",445000,602409.64,415332,469812.08,9.195,4270869.42,NaN
1461110400000,"2016-04-19",435721.43,538068.33,431016.52,446927.37,8.565,4035590.35,NaN
1461196800000,"2016-04-20",447800,509930.22,437062.94,437062.94,9.042,4272096.61,NaN
1461283200000,"2016-04-21",450000,517502.61,435328,447800,9.383,4464437.05,NaN
1461369600000,"2016-04-22",492610.84,584112.15,436363.64,436363.64,9.967,4754569.43,NaN
1461456000000,"2016-04-23",462905.33,629000,441176.47,492610.84,2.774,1328319.83,NaN
1461542400000,"2016-04-24",469093.65,631000,435721.43,462905.33,8.324,4000609.42,NaN
1461628800000,"2016-04-25",469973.89,518672.2,263888.39,471945.46,12.3,5979155.22,NaN
1461715200000,"2016-04-26",466000,500000,440180.82,462962.96,21.72,10363166.96,NaN
1461801600000,"2016-04-27",448722.39,500000,415006.07,459770.11,13.75,6372702.68,NaN
1461888000000,"2016-04-28",482984.84,505617.98,409574.47,448722.39,9.088,4252483.53,NaN
1461974400000,"2016-04-29",451541.74,645161.29,443977.95,482984.84,6.279,2957486.43,NaN
1462060800000,"2016-04-30",495049.5,495049.5,440000,451541.74,3.142,1489530.81,NaN
1462147200000,"2016-05-01",438180,495049.5,413197.14,495049.5,7.407,3295771.32,NaN
1462233600000,"2016-05-02",423728.81,465116.28,421743.21,428336.08,8.934,3952505.18,NaN
1462320000000,"2016-05-03",431716.99,484984.14,403225.81,423728.81,5.594,2437401.44,NaN
1462406400000,"2016-05-04",426695.84,470000,401964.29,431716.99,12.31,5396555.52,NaN
1462492800000,"2016-05-05",448833.03,641025.64,405063.29,426695.84,4.265,1894044.67,NaN
1462579200000,"2016-05-06",430018.43,558017.4,425000,448833.03,5.701,2620371.88,NaN
1462665600000,"2016-05-07",453257.79,477400,425724.64,441176.47,6.517,2979533.03,NaN
1462752000000,"2016-05-08",440000,500456.42,411577.05,453257.79,10.46,5000513.71,NaN
1462838400000,"2016-05-09",460829.49,495495.5,405797.1,440000,6.25,2773985.15,NaN
1462924800000,"2016-05-10",454954.95,518358.53,406885.76,467966.25,18.71,8849153,NaN
1463011200000,"2016-05-11",438000,492957.75,427832.07,454954.95,13.18,6205623.46,NaN
1463097600000,"2016-05-12",440825.24,502462.31,428500,438000,16.7,7685872.99,NaN
1463184000000,"2016-05-13",445000,506451.61,437568.81,440825.24,6.928,3209616.84,NaN
1463270400000,"2016-05-14",441176.47,514285.71,440528.63,445000,3.327,1538249.39,NaN
1463356800000,"2016-05-15",447916.67,649615,425737.5,457230.66,12.91,6026220.41,NaN
1463443200000,"2016-05-16",481927.71,483658.84,440298.51,450500,10.41,4755153.92,NaN
1463529600000,"2016-05-17",452830.19,485436.89,439882.7,481927.71,7.632,3414796.75,NaN
1463616000000,"2016-05-18",455726.58,749327.35,426008.97,452830.19,16.47,7806849.78,NaN
1463702400000,"2016-05-19",452878.18,488758.55,433978.91,437197,7.453,3412603.98,NaN
1463788800000,"2016-05-20",475723.97,488000,419806.91,455090.62,8.168,3808401.52,NaN
1463875200000,"2016-05-21",462107.21,484848.48,178500,475723.97,13.69,6424748.56,NaN
1463961600000,"2016-05-22",453865.98,482315.11,435483.87,462107.21,6.194,2838282.46,NaN
1464048000000,"2016-05-23",446006.94,485436.89,434782.61,448169.44,18.5,8476057.11,NaN
1464134400000,"2016-05-24",445544.55,500000,427350.43,469483.57,7.413,3313792.08,NaN
1464220800000,"2016-05-25",452961.67,500000,424242.42,431297.3,17.21,7580062.35,NaN
1464307200000,"2016-05-26",447290.23,4545454.55,428571.43,446006.94,15.15,6810359.93,NaN
1464393600000,"2016-05-27",495049.5,595238.1,435903.61,438596.49,27.24,12744864.13,NaN
1464480000000,"2016-05-28",475000,513746.01,423360,460648.89,21.21,9483918.33,NaN
1464566400000,"2016-05-29",469483.57,545454.55,427350.43,475000,2.462,1180762.9,NaN
1464652800000,"2016-05-30",526315.79,584638.33,431034.48,469973.89,13.91,7095142.71,NaN
1464739200000,"2016-05-31",500968.72,558659.22,431250,526315.79,15.43,7918726.26,NaN
1464825600000,"2016-06-01",476190.48,561797.75,469827.59,470686.82,12.14,6353549.41,NaN
1464912000000,"2016-06-02",513610.68,567000,465142.55,506396.59,6.147,3245408.15,NaN
1464998400000,"2016-06-03",645019.75,645019.75,510403.01,513610.68,8.21,4661370.66,NaN
1465084800000,"2016-06-04",589008.42,645019.75,520001.67,645019.75,5.106,2933165.57,NaN
1465171200000,"2016-06-05",543035.57,680338.23,460829.49,589008.42,15.8,9733382.33,NaN
1465257600000,"2016-06-06",561797.75,2575107.3,471491.23,563580,25.1,14525514.02,NaN
1465344000000,"2016-06-07",566037.74,603448.28,430018.43,544715.45,10.98,6149219.94,NaN
1465430400000,"2016-06-08",573012.94,576923.08,503848.34,566037.74,3.362,1869502.91,NaN
1465516800000,"2016-06-09",555911.51,646830.53,534759.36,550083.54,14.38,8148711.75,NaN
1465603200000,"2016-06-10",588235.29,700000,547169.81,547169.81,6.025,3505045.78,NaN
1465689600000,"2016-06-11",667408.23,787878.79,568181.82,588235.29,6.714,4873044.88,NaN
1465776000000,"2016-06-12",705010,819444.44,563506.61,667408.23,6.465,4734293.66,NaN
1465862400000,"2016-06-13",776614.43,809900,645161.29,705010,19.83,14477579.37,NaN
1465948800000,"2016-06-14",671100,812000,642857.14,708453.33,15.59,11199597.02,NaN
1466035200000,"2016-06-15",800283.29,930665.43,666444.52,690494.03,12.72,9813070.34,NaN
1466121600000,"2016-06-16",782472.61,1000000,416165.73,800283.29,13.09,10594821.18,NaN
1466208000000,"2016-06-17",735294.12,1001759.62,714285.71,782472.61,13.64,11816866.58,NaN
1466294400000,"2016-06-18",757575.76,884955.75,735294.12,735294.12,2.357,1908311.87,NaN
1466380800000,"2016-06-19",758000,892857.14,579567.78,785000,9.123,7379389.15,NaN
1466467200000,"2016-06-20",704283.36,1355130.1,600000,783085.36,4.261,3251889.53,NaN
1466553600000,"2016-06-21",635000,895001.94,625000,704283.36,13.22,9923588.34,NaN
1466640000000,"2016-06-22",714037.89,999000,509804.93,636942.68,17.43,11510941.98,NaN
1466726400000,"2016-06-23",699134.2,788954.64,509804.93,639386.19,5.45,3713564.26,NaN
1466812800000,"2016-06-24",676804.76,1000000,602409.64,605588.89,7.01,4919836.97,NaN
1466899200000,"2016-06-25",598802.4,6450000,595238.1,675675.68,3.733,2669142.87,NaN
1466985600000,"2016-06-26",660147.32,754514.39,559910.41,598802.4,10.7,7339319.51,NaN
1467072000000,"2016-06-27",652173.91,758000,628930.82,680272.11,4.702,3138308.11,NaN
1467158400000,"2016-06-28",655222.22,707547.17,639713.41,655021.83,7.631,5075953.01,NaN
1467244800000,"2016-06-29",625000,789473.68,469973.89,645500,7.993,5325771.78,NaN
1467331200000,"2016-06-30",631313.13,797130.33,587084.15,625000,13.33,9065297.97,NaN
1467417600000,"2016-07-01",672442,735294.12,549242.42,631313.13,5.597,3723503.12,NaN
1467504000000,"2016-07-02",652000,781250,613496.93,721973.09,5.617,4021931.3,NaN
1467590400000,"2016-07-03",655000,1504031.54,610526.32,652000,11.95,8169284.02,NaN
1467676800000,"2016-07-04",657894.74,1798320,624000,666295,1.444,951922.56,NaN
1467763200000,"2016-07-05",676056.34,6566798.88,611153.55,657894.74,13.54,9042639.24,NaN
1467849600000,"2016-07-06",698875.8,707547.17,555555.56,676056.34,17.58,11549422.06,NaN
1467936000000,"2016-07-07",668062.98,697350.07,596026.49,617283.95,1.601,1015750.2,NaN
1468022400000,"2016-07-08",666666.67,740192.45,560000,642549.05,2.804,1841007.68,NaN
1468108800000,"2016-07-09",651629.07,6521739.13,613496.93,652173.91,2.658,1776680.22,NaN
1468195200000,"2016-07-10",641851.96,672500,600000,650217.96,1.201,768066.85,NaN
1468281600000,"2016-07-11",650999.01,747262.34,602127.66,638601.04,5.911,3752218.72,NaN
1468368000000,"2016-07-12",638977.64,769230.77,598520.24,650999.01,9.064,5822916.77,NaN
1468454400000,"2016-07-13",643370,791139.24,487234.46,638977.64,5.98,3848069.74,NaN
1468540800000,"2016-07-14",644680.06,1180000,559910.41,677506.78,5.54,3565489.4,NaN
1468627200000,"2016-07-15",642598.06,714285.71,591133,636177.53,4.152,2678398.66,NaN
1468713600000,"2016-07-16",731707.32,731707.32,598802.4,642598.06,2.687,1738058.99,NaN
1468800000000,"2016-07-17",679994.56,731707.32,582499,731707.32,6.587,4339854.63,NaN
1468886400000,"2016-07-18",641025.64,700000,602409.64,629222.97,22.45,14799745.02,NaN
1468972800000,"2016-07-19",618705.04,869565.22,555555.56,602409.64,11.98,7777741.73,NaN
1469059200000,"2016-07-20",649975.93,6250000,607528,649350.65,15.33,10012304.2,NaN
1469145600000,"2016-07-21",623700,1604680.93,500000,649975.93,18.75,12087530.92,NaN
1469232000000,"2016-07-22",623517.86,676470.59,580645.16,623700,9.801,6344039.12,NaN
1469318400000,"2016-07-23",641358.02,700280.11,603136.31,640689.05,4.434,2908112.66,NaN
1469404800000,"2016-07-24",599636,689655.17,599636,641358.02,16.57,10693299.52,NaN
1469491200000,"2016-07-25",635593.22,664893.62,592592.59,599636,9.746,6244420.23,NaN
1469577600000,"2016-07-26",638190.95,686046.51,595238.1,630252.1,15.6,10141581.89,NaN
1469664000000,"2016-07-27",634249.47,680272.11,619000,638190.95,13.71,8813921.86,NaN
1469750400000,"2016-07-28",630000,658869.4,622627.74,637293.81,11.55,7456157.53,NaN
1469836800000,"2016-07-29",638977.64,668151.45,572456.41,634000,2.446,1567131.65,NaN
1469923200000,"2016-07-30",635930.05,700280.11,591715.98,635761.59,5.917,3698914.69,NaN
1470009600000,"2016-07-31",616541.35,664893.62,583333.33,639113.76,18.26,11427016.39,NaN
1470096000000,"2016-08-01",525000,1296000,522388.06,1296000,30.23,18385493.61,NaN
1470182400000,"2016-08-02",602602,666666.67,520000,525000,26.22,15313366.23,NaN
1470268800000,"2016-08-03",597484.28,635013.68,500000,602602,13.26,8135130.32,NaN
1470355200000,"2016-08-04",590000,1773049.65,572390.57,597484.28,19.93,12162289.5,NaN
1470441600000,"2016-08-05",590000,632911.39,500000,610009,8.608,5250699.99,NaN
1470528000000,"2016-08-06",595238.1,645000,569995.44,609375,11.19,6753734.26,NaN
1470614400000,"2016-08-07",583333.33,6060606.06,535714.29,595238.1,29.03,17737914.22,NaN
1470700800000,"2016-08-08",619985.41,693069.31,579710.14,590551.18,42.31,25484019.19,NaN
1470787200000,"2016-08-09",606060.61,639534.88,580000,619985.41,20.5,12543467.45,NaN
1470873600000,"2016-08-10",606666.67,635055.04,524934.38,524934.38,27.18,16804814.56,NaN
1470960000000,"2016-08-11",608011.44,665054.41,586500,606666.67,15.78,9634604.91,NaN
1471046400000,"2016-08-12",592066.31,666666.67,578815.05,601336.3,10.5,6499283.63,NaN
1471132800000,"2016-08-13",580500,5840000,549954.17,595238.1,12.47,7648237.06,NaN
1471219200000,"2016-08-14",550594.83,611620.8,550000,598086.12,14.32,8328669.97,NaN
1471305600000,"2016-08-15",575815.74,625000,549450.55,571428.57,20.95,12139743.71,NaN
1471392000000,"2016-08-16",577475.92,625000,551724.14,575815.74,34.78,20414772.5,NaN
1471478400000,"2016-08-17",588145.19,657894.74,550594.83,603873,30.19,18030482.73,NaN
1471564800000,"2016-08-18",591985.43,636942.68,555555.56,588349.34,26.12,15813704.24,NaN
1471651200000,"2016-08-19",585620.4,666666.67,560000,595662.95,18.65,11238769.36,NaN
1471737600000,"2016-08-20",588235.29,843900.31,580410.01,604229.61,6.257,3720492.92,NaN
1471824000000,"2016-08-21",600109.11,630000,523273.17,588235.29,9.536,5700114.68,NaN
1471910400000,"2016-08-22",606060.61,2822844.88,554166.67,584944.02,19.04,11243801.78,NaN
1471996800000,"2016-08-23",598000,666666.67,555555.56,570692.78,30.43,18537105.03,NaN
1472083200000,"2016-08-24",609756.1,666666.67,561349.69,592060.22,22.77,13815695.51,NaN
1472169600000,"2016-08-25",605000,686250.34,564102.56,586756.08,40.21,25035745.59,NaN
1472256000000,"2016-08-26",590010.3,935170.24,560000,605000,17.65,10811683.06,NaN
1472342400000,"2016-08-27",617283.95,700832.24,575000,615763.55,14.52,9388814.85,NaN
1472428800000,"2016-08-28",610004.07,699300.7,295010,617283.95,34.54,21524024,NaN
1472515200000,"2016-08-29",617474.53,699186.99,560000,605015.7,16.24,10080023.1,NaN
1472601600000,"2016-08-30",602409.64,645161.29,579710.14,606060.61,6.826,4212600.43,NaN
1472688000000,"2016-08-31",595238.1,3020378.46,526315.79,596658.71,31.5,19498736.77,NaN
1472774400000,"2016-09-01",637958.53,699300.7,575043.13,600000,23.91,14873360.19,NaN
1472860800000,"2016-09-02",625141.48,699300.7,576923.08,606000,8.263,5095548.83,NaN
1472947200000,"2016-09-03",630876.55,1000000,586474.79,615862,9.914,6288564.21,NaN
1473033600000,"2016-09-04",632516.7,714285.71,574712.64,625459.56,5.292,3284788.25,NaN
1473120000000,"2016-09-05",642086,692307.69,577358.06,632516.7,33.99,21512238.02,NaN
1473206400000,"2016-09-06",617549.09,693900,591090.49,625440,17.1,10852721.06,NaN
1473292800000,"2016-09-07",605239.39,715214.56,595000,634957.94,21.5,13985706.25,NaN
1473379200000,"2016-09-08",637098.08,688995.63,588222.22,628099.17,14.38,9398670.03,NaN
1473465600000,"2016-09-09",649884.69,680000,600000,637098.08,17.59,11580531.94,NaN
1473552000000,"2016-09-10",636849.78,735294.12,553657.01,614000,5.936,3868370.45,NaN
1473638400000,"2016-09-11",630517.02,2433491.67,601092.9,636849.78,45.18,29508016.53,NaN
1473724800000,"2016-09-12",642725.93,2569090.91,592885.38,592885.38,17.18,11203902.22,NaN
1473811200000,"2016-09-13",632911.39,675675.68,599880.02,629608.46,15.17,9838903.82,NaN
1473897600000,"2016-09-14",625000,689655.17,606796.12,632911.39,27.98,17840055.27,NaN
1473984000000,"2016-09-15",617283.95,665188.47,600734,625000,7.604,4831046.13,NaN
1474070400000,"2016-09-16",633500.36,713046.2,606060.61,606796.12,15.48,10241380.07,NaN
1474156800000,"2016-09-17",622009.57,674763.83,605633.8,639084.05,5.665,3627951.11,NaN
1474243200000,"2016-09-18",642003.77,1851851.85,605000,622009.57,28.55,18433743.82,NaN
1474329600000,"2016-09-19",637000,673854.45,579257.07,579257.07,17.09,11082857.7,NaN
1474416000000,"2016-09-20",633333.33,666963.09,565413.04,624024.96,7.84,5021532.5,NaN
1474502400000,"2016-09-21",642570.28,666666.67,600000,633333.33,10.45,6737367.02,NaN
1474588800000,"2016-09-22",631136.04,665041.01,596899.22,639386.19,13.19,8503751.76,NaN
1474675200000,"2016-09-23",630681.82,749063.67,605326.88,698995.4,4.079,2703472.91,NaN
1474761600000,"2016-09-24",632911.39,681818.18,598802.4,649350.65,4.029,2655012.01,NaN
1474848000000,"2016-09-25",641399.42,732922.9,627312.5,645161.29,20.46,13802260.02,NaN
1474934400000,"2016-09-26",655594.41,1069208.81,610000,641399.42,20.39,13574274.88,NaN
1475020800000,"2016-09-27",677083.33,744416.87,640000,660066.01,6.297,4238678.06,NaN
1475107200000,"2016-09-28",672645.74,735150,630914.83,659384.14,24.69,17113636.03,NaN
1475193600000,"2016-09-29",666032.35,1785714.29,639658.85,663366.34,3.891,2641752.76,NaN
1475280000000,"2016-09-30",683333.33,739043.68,650000,666666.67,8.404,5988986.82,NaN
1475366400000,"2016-10-01",719008.26,740740.74,661000,703001,3.751,2616535.07,NaN
1475452800000,"2016-10-02",694444.44,732261.9,600000,681990.71,18.07,12841072.6,NaN
1475539200000,"2016-10-03",705391.73,750199.52,685000,746268.66,14.21,10233308.62,NaN
1475625600000,"2016-10-04",802139.04,3226600,684596.58,747384.16,28.65,21391430.01,NaN
1475712000000,"2016-10-05",750016.89,837696.34,649350.65,694444.44,51.81,39198024.65,NaN
1475798400000,"2016-10-06",825672.3,3017268.45,670000,750016.89,15.71,12566841.48,NaN
1475884800000,"2016-10-07",809523.81,844688.52,687500,687500,11.94,9703513.44,NaN
1475971200000,"2016-10-08",793650.79,833333.33,704225.35,807453.42,4.76,3760945.54,NaN
1476057600000,"2016-10-09",810810.81,917113.07,697797.66,787401.57,53.77,40393011.77,NaN
1476144000000,"2016-10-10",819672.13,819672.13,724614.8,810810.81,13.68,10824933.34,NaN
1476230400000,"2016-10-11",792422.02,858369.1,646258.5,819672.13,26.26,21531609.23,NaN
1476316800000,"2016-10-12",818000,859600.86,736000,792422.02,25.37,20992917.01,NaN
1476403200000,"2016-10-13",821000,2251838.24,723000,802000,41.69,34530344.03,NaN
1476489600000,"2016-10-14",835070,915004.49,736000,773395.2,18.8,16322385.04,NaN
1476576000000,"2016-10-15",833333.33,939000,736000,789473.68,13.81,12204305.4,NaN
1476662400000,"2016-10-16",826597.86,914340.71,794117.65,833333.33,13.21,11411478.13,NaN
1476748800000,"2016-10-17",859993.12,2558139.53,642000,864341.03,28.15,24797221.84,NaN
1476835200000,"2016-10-18",867469.88,938848.01,760000,870044.05,21.55,19037983.15,NaN
1476921600000,"2016-10-19",895000,9316770.19,806451.61,806451.61,26.83,24956860.7,NaN
1477008000000,"2016-10-20",930232.56,1000000,644500,896969.7,12.8,11971374.7,NaN
1477094400000,"2016-10-21",961463.16,1176470.59,620347.39,930232.56,17.3,16680314.49,NaN
1477180800000,"2016-10-22",959595.96,1200615.38,923664.12,945000,12.9,13159917.55,NaN
1477267200000,"2016-10-23",985054.35,1073619.63,925159.46,945945.95,46.06,44337244.09,NaN
1477353600000,"2016-10-24",998786,1251564.46,811952.38,973451.33,12.12,12280244.02,NaN
1477440000000,"2016-10-25",1223404.26,1358695.65,850340.14,998786,27.41,29604710.52,NaN
1477526400000,"2016-10-26",1129032.26,1380374.01,955000,1123595.51,12.96,15056498.76,NaN
1477612800000,"2016-10-27",1143183.97,1200215.29,805801.77,1175088.13,13.35,15353551.27,NaN
1477699200000,"2016-10-28",1203730.77,1380087.63,971983.99,971983.99,9.43,11442271.06,NaN
1477785600000,"2016-10-29",1131221.72,1298701.3,901794.43,1171875,4.958,5812167.75,NaN
1477872000000,"2016-10-30",1152000,13319672.13,934928.95,1125000,24.14,29123728.71,NaN
1477958400000,"2016-10-31",1324753.97,1419110.69,1000000,1143132.65,22.35,27635485,NaN
1478044800000,"2016-11-01",1410925.08,1602564.1,1134935.41,1219512.2,21.3,29195484.72,NaN
1478131200000,"2016-11-02",1351351.35,1612903.23,1000000,1410925.08,19.75,28099511.37,NaN
1478217600000,"2016-11-03",1428571.43,1605004.03,928571.43,1355932.2,31.66,44224664.03,NaN
1478304000000,"2016-11-04",1400500,2532000,1299589.6,1428571.43,15.41,21545774.35,NaN
1478390400000,"2016-11-05",1405000,1500000,1196581.2,1196581.2,9.293,13452609.91,NaN
1478476800000,"2016-11-06",1315789.47,1497905.93,1173020.53,1405000,21.1,29674937.18,NaN
1478563200000,"2016-11-07",1352941.18,1613001.4,862068.97,1308900.52,37.45,50315757.52,NaN
1478649600000,"2016-11-08",1433393.63,14263175,1150815.22,1320754.72,41.17,60777339.3,NaN
1478736000000,"2016-11-09",1476113.79,2050001.23,1051100,1433393.63,31.88,47325257.96,NaN
1478822400000,"2016-11-10",1555700,1823708.21,1225114.85,1391314,31.05,47937750.62,NaN
1478908800000,"2016-11-11",1598776.99,1852995.68,1315789.47,1555700,26.7,42865052.2,NaN
1478995200000,"2016-11-12",1647597.25,1942620.13,1273255.81,1598776.99,10.01,15806065.28,NaN
1479081600000,"2016-11-13",1424514.39,1824817.52,1250000,1647597.25,33.32,51978745.62,NaN
1479168000000,"2016-11-14",1499983.96,2799883.19,1364604.55,1424514.39,58.78,89349294.97,NaN
1479254400000,"2016-11-15",1629999.02,1825000,1393939.39,1511000,38.77,61350637.77,NaN
1479340800000,"2016-11-16",1701517.02,1826013.91,1450000,1588000,43.98,73898096.82,NaN
1479427200000,"2016-11-17",1690565.03,2000000,1421000,1701517.02,24.24,41337305.15,NaN
1479513600000,"2016-11-18",1711394.94,2030456.85,1515151.52,1675041.88,14.53,24840155.31,NaN
1479600000000,"2016-11-19",1690140.85,17750000,1500000,1711394.94,8.135,14027229.92,NaN
1479686400000,"2016-11-20",1730959.45,2083375,1465528.45,1690140.85,35.04,60107093.33,NaN
1479772800000,"2016-11-21",1941399.35,1941399.35,1492537.31,1730959.45,29.56,52504249.88,NaN
1479859200000,"2016-11-22",1877934.27,2801120.45,1614797.42,1941399.35,49.92,92143295.35,NaN
1479945600000,"2016-11-23",21720000,21720000,1666666.67,1725000,18.43,36830451.24,NaN
1480032000000,"2016-11-24",2223094.06,21720000,1690000,21720000,23.06,51410244.64,NaN
1480118400000,"2016-11-25",2092050.21,2948113.21,1928571.43,2272727.27,14.72,32352008.19,NaN
1480204800000,"2016-11-26",2178649.24,2500000,2000000,2092050.21,9.918,21304960.08,NaN
1480291200000,"2016-11-27",2409638.55,2631578.95,1875000,2178649.24,38.76,89008725.01,NaN
1480377600000,"2016-11-28",2702702.7,2898550.72,1398963.73,2592014,38.68,100243173.32,NaN
1480464000000,"2016-11-29",2895148.67,3340040.24,1200000,2702702.7,38.44,102112520.33,NaN
1480550400000,"2016-11-30",3105590.06,3743315.51,2400000,2895148.67,43.23,128531926.6,NaN
1480636800000,"2016-12-01",2500000,3846153.85,1400500,3105590.06,21.42,61393815.61,NaN
1480723200000,"2016-12-02",2604216.22,2950142.59,2083333.33,2500000,15.01,39412365.87,NaN
1480809600000,"2016-12-03",2459000,3950177.94,2000000,2857142.86,7.941,20957976.43,NaN
1480896000000,"2016-12-04",2291666.67,3000000,2000000,2459000,27.97,70206884.49,NaN
1480982400000,"2016-12-05",2461033.63,3797468.35,1995609.76,2291666.67,40.09,99379047.39,NaN
1481068800000,"2016-12-06",2510000,3480000,2249718.79,2461033.63,40.51,105930873.01,NaN
1481155200000,"2016-12-07",2633190.45,2822844.88,2350000,2800000,29.55,76680383.17,NaN
1481241600000,"2016-12-08",2481481.48,3703703.7,2277093.48,2633190.45,27.91,72643626.16,NaN
1481328000000,"2016-12-09",2500000,3333333.33,2380952.38,2481481.48,16.44,42739731.99,NaN
1481414400000,"2016-12-10",2515723.27,2743330,2343750,2500000,11.73,29968019.94,NaN
1481500800000,"2016-12-11",2378121.28,3333333.33,2000000,2515723.27,24.95,60718438,NaN
1481587200000,"2016-12-12",2194586.69,2666666.67,1702127.66,2378121.28,40.08,89639475.2,NaN
1481673600000,"2016-12-13",1996733.07,2860000,1799100.45,2194586.69,34.59,74206082.89,NaN
1481760000000,"2016-12-14",1886792.45,2325581.4,1600000,1996733.07,42.11,80465208.45,NaN
1481846400000,"2016-12-15",1956521.74,2230061.35,1388888.89,1694444.44,32.57,61123142.3,NaN
1481932800000,"2016-12-16",1990000,2666666.67,1597938.14,1956521.74,14.05,29088413.18,NaN
1482019200000,"2016-12-17",2107905.08,21428571.43,1818181.82,1990000,20.33,43881018.22,NaN
1482105600000,"2016-12-18",2100000,2740000,1746724.89,2107905.08,44.07,91477844.21,NaN
1482192000000,"2016-12-19",2288000,2549019.61,1949238.58,2100000,38.99,84656936.29,NaN
1482278400000,"2016-12-20",2601156.07,2800043.92,1923454.55,2288000,47.52,118641390.73,NaN
1482364800000,"2016-12-21",2590673.58,3343430,2297593,2601156.07,51.34,131318766.74,NaN
1482451200000,"2016-12-22",2666666.67,2840909.09,2272727.27,2590673.58,48.73,126533762.81,NaN
1482537600000,"2016-12-23",2412010,24277341.04,2380952.38,2666666.67,24.1,63370279.35,NaN
1482624000000,"2016-12-24",2601500,2702702.7,2302158.27,2412010,4.992,12826111.85,NaN
1482710400000,"2016-12-25",2542000,2857142.86,2298850.57,2601500,36.89,96387715.08,NaN
1482796800000,"2016-12-26",2790279.03,26743333.33,2439024.39,2542000,49.64,134461139.92,NaN
1482883200000,"2016-12-27",2926829.27,3456221.2,2450000,2790279.03,45.38,133540750.32,NaN
1482969600000,"2016-12-28",3002000,3721643.91,2850000,2926829.27,50.02,154177831.2,NaN
1483056000000,"2016-12-29",2871205.91,3246753.25,2699055.33,3002000,32.87,98765495.22,NaN
1483142400000,"2016-12-30",2859434.2,3125000,2592592.59,2871205.91,21.66,62722506.23,NaN
1483228800000,"2016-12-31",3061224.49,3288706,2700000,2859434.2,8.716,26664331.3,NaN
1483315200000,"2017-01-01",3171875,3846153.85,2777777.78,3061224.49,28.47,91438108.9,NaN
1483401600000,"2017-01-02",3299310,3448275.86,2857142.86,3171875,42.59,140601120.67,NaN
1483488000000,"2017-01-03",3619834.71,3874092.01,3000000,3299310,48.53,170962083.63,NaN
1483574400000,"2017-01-04",3250003,3913043.48,2500000,3619834.71,27.06,91820982.19,NaN
1483660800000,"2017-01-05",3119741.1,3549935.19,2700000,3250003,34.04,105289612.49,NaN
1483747200000,"2017-01-06",2890000,3600000,2648854.96,3119741.1,29.23,86751606.38,NaN
1483833600000,"2017-01-07",2986275.15,3500000,2659574.47,2890000,14.47,43465835.83,NaN
1483920000000,"2017-01-08",2805486.28,3333333.33,2405000,2986275.15,26.27,76210260.95,NaN
1484006400000,"2017-01-09",2830012.98,3333333.33,2500000,2805486.28,44.51,126890006.74,NaN
1484092800000,"2017-01-10",2600000,3403446.67,2307692.31,2830012.98,58.26,159688478.27,NaN
1484179200000,"2017-01-11",2805755.4,2958579.88,921507.06,921507.06,47.95,131213056.6,NaN
1484265600000,"2017-01-12",2969121.14,3005882.35,2500000,2805755.4,44.39,124925238.77,NaN
1484352000000,"2017-01-13",2833501,3952569.17,2525050.1,2969121.14,30.89,90251294.34,NaN
1484438400000,"2017-01-14",2631578.95,3333333.33,2580645.16,2833501,14.93,42670909.32,NaN
1484524800000,"2017-01-15",2787050.08,3584229.39,2597402.6,2631578.95,41.4,118621408.68,NaN
1484611200000,"2017-01-16",3030303.03,3203883.5,2500000,2787050.08,58.17,176100472.09,NaN
1484697600000,"2017-01-17",3098106.71,4166666.67,2702702.7,3030303.03,39.52,120288921.84,NaN
1484784000000,"2017-01-18",3099003.97,3412613,2500000,3098106.71,49.34,153104651.62,NaN
1484870400000,"2017-01-19",3030303.03,5000000,2745901.64,3099003.97,47.93,147450484.82,NaN
1484956800000,"2017-01-20",3181818.18,4000000,2777233.33,3030303.03,20.83,65428427.13,NaN
1485043200000,"2017-01-21",3070100,3333333.33,2727272.73,3181818.18,19.85,62232090.25,NaN
1485129600000,"2017-01-22",3101321,3645840,2763594.74,3070100,35.31,111218182.75,NaN
1485216000000,"2017-01-23",3231292.52,4000000,2857142.86,3101321,42.27,133799201.54,NaN
1485302400000,"2017-01-24",3400000,3400000,2848101.27,3231292.52,42.84,133733066.76,NaN
1485388800000,"2017-01-25",3025000,3400000,2750275.03,3400000,45.91,141799437.97,NaN
1485475200000,"2017-01-26",2995780.59,3355704.7,2500000,3025000,43.36,133980374.13,NaN
1485561600000,"2017-01-27",3015000,3333333.33,2858267.72,2995780.59,17.16,52717924.2,NaN
1485648000000,"2017-01-28",3034482.76,3333333.33,2840909.09,3015000,15.44,47417643.31,NaN
1485734400000,"2017-01-29",2994000,3300000,2898550.72,3034482.76,46.47,142567277.37,NaN
1485820800000,"2017-01-30",3179987.28,3290195.22,2500000,2994000,55.11,170501429.38,NaN
1485907200000,"2017-01-31",3210000,3632401.02,2970109.09,3179987.28,54.35,175733387.96,NaN
1485993600000,"2017-02-01",3192000,3666666.67,2985074.63,3210000,69.56,229424299.24,NaN
1486080000000,"2017-02-02",3015267.18,3703703.7,2777777.78,3192000,50.44,160711158.09,NaN
1486166400000,"2017-02-03",3088235.29,3676470.59,2717391.3,3015267.18,38.51,121698928.52,NaN
1486252800000,"2017-02-04",3060000,3890293.72,2795698.92,3088235.29,31.68,102383701.2,NaN
1486339200000,"2017-02-05",3114754.1,3890142.38,2727272.73,3060000,60.73,195430441.93,NaN
1486425600000,"2017-02-06",3280373.83,3900000,2777777.78,3114754.1,85.76,285700531.11,NaN
1486512000000,"2017-02-07",3380805.86,3990104.54,3000000,3280373.83,60.66,212565982.93,NaN
1486598400000,"2017-02-08",3225806.45,33500000,2890804.6,3380805.86,77.76,261778336.62,NaN
1486684800000,"2017-02-09",3098610,3989945.34,2994011.98,3225806.45,84.26,285455863.39,NaN
1486771200000,"2017-02-10",3520000,3846153.85,3050000,3098610,55.69,196094629.8,NaN
1486857600000,"2017-02-11",3546099.29,4199699.36,3297131.15,3520000,34.07,123179544.86,NaN
1486944000000,"2017-02-12",3450000,3937007.87,3099630,3546099.29,61.54,220078565.01,NaN
1487030400000,"2017-02-13",3630000,4166666.67,3250000,3448275.86,87.82,325009614.68,NaN
1487116800000,"2017-02-14",3855140.19,4466501.24,3333333.33,3630000,36.65,142335629.89,NaN
1487203200000,"2017-02-15",4006001,4499437.57,3703703.7,4050632.91,23.12,94957616.09,NaN
1487289600000,"2017-02-16",4000000,4672897.2,3500000,4143646.41,27.51,111182821.78,NaN
1487376000000,"2017-02-17",4040000,5000000,3773584.91,4237288.14,22.79,95006062.7,NaN
1487462400000,"2017-02-18",4170141.78,5773400,3423333.33,4099963.78,11.7,48789916.13,NaN
1487548800000,"2017-02-19",4100000,4803843.07,3488372.09,4000000,20.56,84189420.12,NaN
1487635200000,"2017-02-20",4433962.26,4705882.35,3529411.76,4125000,32.82,138950500.65,NaN
1487721600000,"2017-02-21",4385382.06,5000000,4000000,4400000,23.95,103516957.88,NaN
1487808000000,"2017-02-22",4361011.76,5000000,3389830.51,4210050.12,31.21,139352204.51,NaN
1487894400000,"2017-02-23",4518088.98,5303030.3,3915358.14,4347826.09,24.39,113551277.9,NaN
1487980800000,"2017-02-24",4340002,10000000,3946666.67,4000000,18.89,86984702.63,NaN
1488067200000,"2017-02-25",4470000,4736842.11,4012000,4300518.13,11.63,52624973.5,NaN
1488153600000,"2017-02-26",4709576.14,5333333.33,3506493.51,4761904.76,18.21,84439865.44,NaN
1488240000000,"2017-02-27",4597000,5555555.56,4137931.03,4550000,18.83,87878725.15,NaN
1488326400000,"2017-02-28",4444444.44,6250000,4000000,4697592.48,20.43,95084137.34,NaN
1488412800000,"2017-03-01",4861000,5950000,3983333.33,4717741.94,23.88,113814454.42,NaN
1488499200000,"2017-03-02",4871500,5351170.57,4545454.55,4802000,24.38,122196259.18,NaN
1488585600000,"2017-03-03",4805150.21,5263157.89,4701707.17,5000000,20.57,102160271.63,NaN
1488672000000,"2017-03-04",4807692.31,5714285.71,4678160.92,4800000,10.19,50199647.47,NaN
1488758400000,"2017-03-05",4736129.91,5150037.77,4597701.15,5000000,28.81,141710812.54,NaN
1488844800000,"2017-03-06",4658385.09,5158730.16,4000000,4746835.44,27.68,128904519.06,NaN
1488931200000,"2017-03-07",4000720.04,4761904.76,3285714.29,4699000,32.74,144111900.64,NaN
1489017600000,"2017-03-08",4273461.54,5000000,3200000,4003558.72,27.36,115823627.87,NaN
1489104000000,"2017-03-09",4320619.79,5000000,3400000,4273461.54,27.14,116652341.25,NaN
1489190400000,"2017-03-10",4087344.44,5000000,3000000,3900000,18.97,80637790.28,NaN
1489276800000,"2017-03-11",4437869.82,5000000,3698730.12,4440059.2,14.75,63620000.23,NaN
1489363200000,"2017-03-12",4258943.78,4579950.14,3846153.85,4275040,31.19,134472529.23,NaN
1489449600000,"2017-03-13",4120000,4545454.55,3165555.56,4000000,31.02,131143393.41,NaN
1489536000000,"2017-03-14",4099998.98,4645476.77,3500000,4120000,26.93,114414713.7,NaN
1489622400000,"2017-03-15",3955087,4550004.55,3750000.16,4233000,28.3,120369119.69,NaN
1489708800000,"2017-03-16",4000000,4550004.55,3032925.44,4050000,25.98,109159380.35,NaN
1489795200000,"2017-03-17",3746546.98,4329999.95,2591727.72,4020010,21.45,83744583.77,NaN
1489881600000,"2017-03-18",3751303.58,4250002.13,3310000,3310000,13.78,53642677.12,NaN
1489968000000,"2017-03-19",3716000,4439999.91,2935239.39,3860000.17,25.05,98701253.01,NaN
1490054400000,"2017-03-20",4136000,4350000.05,3631411.71,3728500.05,35.11,142554275.04,NaN
1490140800000,"2017-03-21",4184999.58,4489337.82,3720499.54,4171000,35.61,147197881.02,NaN
1490227200000,"2017-03-22",3799998.9,4650000.29,3705000.45,4061544.45,39.11,161205936.36,NaN
1490313600000,"2017-03-23",3800000,4633802.5,3700000,3953000,42.35,173385383.06,NaN
1490400000000,"2017-03-24",4000000,4349999.01,3639999.67,3800000,39.32,161445999.1,NaN
1490486400000,"2017-03-25",3850000,4830311.17,3000000,3930000.4,16.22,66286117.19,NaN
1490572800000,"2017-03-26",4225000.04,4374615.71,3659300.02,3950004.95,33.23,137381557.81,NaN
1490659200000,"2017-03-27",4150000.01,4350001.09,3419000.46,4180000,37.07,151363876.66,NaN
1490745600000,"2017-03-28",3850000.43,4250000.26,3000000,3900000,36.18,143272230.31,NaN
1490832000000,"2017-03-29",3818180,4260000.44,3000000,3955555.38,35.85,141498709.1,NaN
1490918400000,"2017-03-30",4393999.16,4800000,3396250,3880000,40.5,170658071.47,NaN
1491004800000,"2017-03-31",4396686.66,4950000,3967464.45,4310800,27.41,122487976.74,NaN
1491091200000,"2017-04-01",4200000,4500004.5,3850000,4298387.16,11.04,47080993.17,NaN
1491177600000,"2017-04-02",4256630.48,4750007.13,3963050.11,4330001.54,38.81,172256287.1,NaN
1491264000000,"2017-04-03",4662889.03,5050000.01,3961996.53,4528211.31,45.13,208833025.72,NaN
1491350400000,"2017-04-04",4651000.45,44891410.88,4110192.62,4784999.71,42.57,200948886.35,NaN
1491436800000,"2017-04-05",4940100,8208881.42,4470000.93,4660001.62,37.17,184060254.64,NaN
1491523200000,"2017-04-06",5001000,5464893.31,3500000,4919999.18,32.47,166367810.58,NaN
1491609600000,"2017-04-07",4880000.12,6699999.16,4359195.14,5000000,27.33,140211423.1,NaN
1491696000000,"2017-04-08",5137426.15,5208848.79,4000000,5019999.68,13.61,67700757.87,NaN
1491782400000,"2017-04-09",4810000,55566525,4000000,4880000,30.4,155491467.96,NaN
1491868800000,"2017-04-10",4940000,56622508.19,4634052.11,5198999.98,39.5,203204282.53,NaN
1491955200000,"2017-04-11",4905000,5257506.08,4000000,5257506.08,32.16,163892934.61,NaN
1492041600000,"2017-04-12",4835154.81,6699999.16,4000000,5199990.06,16.48,83514794.71,NaN
1492128000000,"2017-04-13",4676951.57,5250001.01,4000000,4852493.51,17.34,86844439.54,NaN
1492214400000,"2017-04-14",4900000.78,5294990.54,4563569.28,4749998.35,16.43,81711311.01,NaN
1492300800000,"2017-04-15",4900000,5200005.2,4548401.82,5050000.05,11.31,56212321.71,NaN
1492387200000,"2017-04-16",4950000,5248999.96,4474039.72,5080000,37.78,190155260.46,NaN
1492473600000,"2017-04-17",5219999.94,5400000.03,4554977,5015000.97,34.41,177296571.39,NaN
1492560000000,"2017-04-18",5244999.99,5567806.5,4746710.02,5041000,39.19,205552488.18,NaN
1492646400000,"2017-04-19",5330000.31,5678294.07,4562169.34,5240000.77,26.08,139043978.23,NaN
1492732800000,"2017-04-20",5749999.99,6000024,5050001.25,5595799.98,29.37,160650590.91,NaN
1492819200000,"2017-04-21",5630000.85,6700002.9,5012121.92,5820925.85,20.26,114439865.37,NaN
1492905600000,"2017-04-22",5609177.49,6538610.17,5026391.07,5562004.58,28.48,165433396.63,NaN
1492992000000,"2017-04-23",5879999.21,6699987.94,5000262.5,5681000,38.26,228437105.15,NaN
1493078400000,"2017-04-24",5970000,6455782.09,5191627.27,5810999.45,28.8,173841181.4,NaN
1493164800000,"2017-04-25",5927294.7,6450003.87,5194607.31,5975467.56,26.01,151954644.09,NaN
1493251200000,"2017-04-26",5521000.23,6035000.32,4650000.02,5711000.53,21.82,123232233.54,NaN
1493337600000,"2017-04-27",5640000,6199013.12,4906274,5564999.52,28.25,157771805.92,NaN
1493424000000,"2017-04-28",5858000.73,6998978.15,5148704.89,5640000,20.47,118961310.21,NaN
1493510400000,"2017-04-29",5770000.84,6429999.81,5132128.36,5860100.15,15.13,89459155.44,NaN
1493596800000,"2017-04-30",6335568.79,6998999.7,5106402.26,6068999.67,22.88,140557693.36,NaN
1493683200000,"2017-05-01",6389021.11,6881373.87,5192540.98,6060999.63,22.16,141156247.41,NaN
1493769600000,"2017-05-02",7382044.16,7445000.06,5106400,6694334.6,28.98,197418541.64,NaN
1493856000000,"2017-05-03",7100000,8494999.98,6194993.62,6985087.3,27.95,211047547.35,NaN
1493942400000,"2017-05-04",7554399.88,9499901.44,6323720.41,7516332.99,28.8,219444219.19,NaN
1494028800000,"2017-05-05",7944490.26,9499924,6197468.83,7911893.94,16.71,130411243.61,NaN
1494115200000,"2017-05-06",7580001.93,8220999.88,6398008.83,7550099.68,13.01,100836784.5,NaN
1494201600000,"2017-05-07",7556530.2,8319652.13,7099751.51,7606198.05,27.11,214662483.03,NaN
1494288000000,"2017-05-08",10500010.5,10500010.5,6819608.96,8157610.63,35.32,303635439.87,NaN
1494374400000,"2017-05-09",9100000.16,10850003.42,6902209.17,10500010.5,22.09,205562389.27,NaN
1494460800000,"2017-05-10",9712000,11226998.69,8134093.24,9200000,25.4,244858468.47,NaN
1494547200000,"2017-05-11",9710000.19,10261813.06,7496092.01,9715000,30.65,295984658.55,NaN
1494633600000,"2017-05-12",8840000,11599918.8,6863164.19,9200000.05,21.5,203477463.41,NaN
1494720000000,"2017-05-13",9122499.38,9950000.06,6499999.74,9450000,10.38,97108465.9,NaN
1494806400000,"2017-05-14",9544999.42,9900654.01,6863161.38,9499999.81,24.66,231336277.74,NaN
1494892800000,"2017-05-15",10349999.67,11599851.52,8367267.97,9380000.71,28.99,282720839.68,NaN
1494979200000,"2017-05-16",10375001.53,11500000.23,7775920.2,9956160.17,21.68,222250889.49,NaN
1495065600000,"2017-05-17",10464796.42,12000004.8,9499984.17,10500103.79,25.58,269668043.03,NaN
1495152000000,"2017-05-18",10755010,13899931.61,9269971.23,10464796.42,24.09,261485510.18,NaN
1495238400000,"2017-05-19",11500000.03,13899892.97,9818135.41,10755010,16.89,190032250.67,NaN
1495324800000,"2017-05-20",11380000,12274552.63,10096828.59,11468389.68,10.86,122758853.32,NaN
1495411200000,"2017-05-21",12209741.92,13619988.7,10000000,11385200.74,20.99,253114635.24,NaN
1495497600000,"2017-05-22",13299994.68,15999900,10440636.63,12240020.1,27.58,352449275.14,NaN
1495584000000,"2017-05-23",14699998.03,16400002.62,11249999.86,13299994.68,23.7,334798694.72,NaN
1495670400000,"2017-05-24",16327052.79,19600003.14,11503468.47,15399999.59,22.4,372563263.05,NaN
1495756800000,"2017-05-25",15688998.86,18500018.5,13041822.9,16327052.79,18.83,293134375.81,NaN
1495843200000,"2017-05-26",12400000,17299541.56,8803359.36,14287000.23,39.9,553054077.5,NaN
1495929600000,"2017-05-27",13750316.26,16450074.03,10780717.9,12400000,17.52,247605602.73,NaN
1496016000000,"2017-05-28",13500000,21700000.17,3600000,13750316.26,44.41,631370099.94,NaN
1496102400000,"2017-05-29",13720000.01,21699999.95,9654373.43,13500000,91.96,1302162448.18,NaN
1496188800000,"2017-05-30",13511505.05,18700108.69,9539618.03,13720000.01,93.75,1331394647.02,NaN
1496275200000,"2017-05-31",14400000.04,16171983.66,12586847.06,13511505.05,98.32,1434117919.62,NaN
1496361600000,"2017-06-01",14800000.67,16350000.05,10234422.92,14400000.04,83.96,1275698534.2,NaN
1496448000000,"2017-06-02",15689999.98,19899896.66,645161.29,14800000.67,41.23,649846651.14,NaN
1496534400000,"2017-06-03",15700000,102499765.3,11942822.54,15689999.98,23.89,377453212.89,NaN
1496620800000,"2017-06-04",16078004.47,17500000,9986791.04,15700000,80.07,1281566740.82,NaN
1496707200000,"2017-06-05",15499870.83,20000000,9261814.83,16078004.47,84.22,1473259257.14,NaN
1496793600000,"2017-06-06",18349999.76,20000000,5399999.95,15499870.83,77.57,1391615802.1,NaN
1496880000000,"2017-06-07",16200103.68,178100733.78,4960265.11,18349999.76,66.52,1212429979.14,NaN
1496966400000,"2017-06-08",19145000,23899050.41,15828008.34,16200103.68,67.24,1291993543.42,NaN
1497052800000,"2017-06-09",19100007.64,196500136.08,625000,19145000,31.85,637279690.27,NaN
1497139200000,"2017-06-10",21474988.08,28000000,16999864,19100007.64,22.32,457717752.42,NaN
1497225600000,"2017-06-11",20426030,197109929.63,14866609.35,21474988.08,60.51,1208606352.71,NaN
1497312000000,"2017-06-12",20300199.35,22491537.56,16309134.2,20426030,87.99,1800213532.42,NaN
1497398400000,"2017-06-13",20698999.7,30000000,14995673.75,20370199.87,79.17,1639154164.32,NaN
1497484800000,"2017-06-14",19268764.19,103000184.51,14103085.71,20698999.7,73.47,1436072494.75,NaN
1497571200000,"2017-06-15",21100002.19,22681908.91,2502.65,19295002.18,72.65,1476133558.82,NaN
1497657600000,"2017-06-16",21355004.58,24500000.02,4000000,21100002.19,53.87,1162152133.05,NaN
1497744000000,"2017-06-17",20229998.85,29908957.13,2209999.98,21355004.58,28.03,606808250.18,NaN
1497830400000,"2017-06-18",19355100,28899228.39,17345173.95,20229998.85,56.87,1188141378.49,NaN
1497916800000,"2017-06-19",21230000,28153945.78,17835463.4,19355100,73.4,1534731969.23,NaN
1498003200000,"2017-06-20",21347268.83,204498977.51,16522515,21230000,69.74,1485224083,NaN
1498089600000,"2017-06-21",20825000,23999001.64,10000000,20156001.04,62.26,1321194399.75,NaN
1498176000000,"2017-06-22",21225001.16,205100072,5169808.39,20610010.51,59.12,1284382666.68,NaN
1498262400000,"2017-06-23",20264999.34,28899001.64,18188735.36,21225001.16,31.06,664349879.49,NaN
1498348800000,"2017-06-24",20400003.26,24309906.29,18500000,20264999.34,20.29,424910129.54,NaN
1498435200000,"2017-06-25",20350000.14,29898941.58,17199862.4,20400003.26,65.46,1330118229.01,NaN
1498521600000,"2017-06-26",19062421.48,26967100.14,5110042,20350000.14,69.94,1377559418.85,NaN
1498608000000,"2017-06-27",19449999.99,103019859.04,8000000,19300000.04,69.87,1394835244.03,NaN
1498694400000,"2017-06-28",19000000,103020144.18,17114688.68,19449999.99,61.66,1221803761.88,NaN
1498780800000,"2017-06-29",18299999.89,20900010.17,12000000,14049995.5,60.13,1137376766.5,NaN
1498867200000,"2017-06-30",18150000.43,103019998.85,16000000,18299999.89,42.51,800709408.34,NaN
1498953600000,"2017-07-01",19350000,103020032.25,14999998.13,18150000.43,28.62,548994716.11,NaN
1499040000000,"2017-07-02",16000000,103019938.35,15999268.6,19350000,54.82,1053016179.63,NaN
1499126400000,"2017-07-03",19195000.09,103524976.62,16000000,16000000,87.32,1675209982.44,NaN
1499212800000,"2017-07-04",18830022.13,20400000,16000000,19195000.09,52.36,1005736348.36,NaN
1499299200000,"2017-07-05",18720001.2,21484499.42,16000000,19099998.52,61.81,1171044218.18,NaN
1499385600000,"2017-07-06",19198500.06,21302547.3,9938499.97,18720001.2,69.37,1303453472.71,NaN
1499472000000,"2017-07-07",18895020,103525027.18,16000000,19198500.06,49.1,942707777.92,NaN
1499558400000,"2017-07-08",18620000.17,21193175.8,5713001.12,18900018.9,10.96,207994975.52,NaN
1499644800000,"2017-07-09",18260000.01,103525054.37,15375839.33,18880000,68.92,1300947561.01,NaN
1499731200000,"2017-07-10",18600000,20499000.19,15130362.5,18260000.01,85.97,1614923284.22,NaN
1499817600000,"2017-07-11",20104996.33,103525017.94,16000000,18600000,86.75,1722567660.46,NaN
1499904000000,"2017-07-12",19805007.82,22000000.22,16000000,20657002.86,66.49,1371310385.25,NaN
1499990400000,"2017-07-13",18388775.49,103525027.18,5003809.72,18999999.62,59.2,1160031798.86,NaN
1500076800000,"2017-07-14",17296654.05,22000005.87,14777487.97,18388775.49,44.42,776778856.42,NaN
1500163200000,"2017-07-15",14499988.61,21999997.8,12000000,17700002.66,30.44,491534399.25,NaN
1500249600000,"2017-07-16",16923166.67,172750182.7,5448787.78,14499988.61,65.65,1165145295.21,NaN
1500336000000,"2017-07-17",19309994.3,21999999.97,5029455.85,6346261.51,84.76,1676743254.65,NaN
1500422400000,"2017-07-18",19305530.64,22077784.45,15296495,20010005,61.66,1205878385.7,NaN
1500508800000,"2017-07-19",22500002.25,25508251.92,10100000.1,19305530.64,82.97,1779579081.2,NaN
1500595200000,"2017-07-20",22750002.05,26493999.97,13499831.25,22500002.25,72.48,1682016439.29,NaN
1500681600000,"2017-07-21",23000138,27269999.93,13499831.25,22750002.05,40.02,982722882.48,NaN
1500768000000,"2017-07-22",23711010.21,26449997.11,16000000,23000138,17.87,434884705.44,NaN
1500854400000,"2017-07-23",24305001.95,28100012.4,13500000,23812191.38,56.41,1396638867.99,NaN
1500940800000,"2017-07-24",23000000.46,25999998.96,16000000,20000000,61.69,1434134119.91,NaN
1501027200000,"2017-07-25",23200004.45,26349489.08,16000000,22657299.47,66.45,1579273913.35,NaN
1501113600000,"2017-07-26",28425976.17,247239162.68,16000000,23500000,68.67,1833963507.06,NaN
1501200000000,"2017-07-27",28819999.45,37898885.77,17999640.01,27463004.61,75.57,2188129148.68,NaN
1501286400000,"2017-07-28",26000019.06,31858495,17999856,28819999.45,32.32,933879419.55,NaN
1501372800000,"2017-07-29",27000013.25,39898999.67,9216955.14,18000180,21.38,596501065.69,NaN
1501459200000,"2017-07-30",31659996.96,39899055.39,20000000,28153866.51,59.09,1789216600.56,NaN
1501545600000,"2017-07-31",32000006.83,41551296.15,19409988.12,28999998.84,59.03,1988913811.02,NaN
1501632000000,"2017-08-01",42700006.83,48500001.65,20000000,34369348.89,81.98,3080327086.02,NaN
1501718400000,"2017-08-02",46675218.22,55949001.37,5007732.01,39115100.01,81.57,3729197252.52,NaN
1501804800000,"2017-08-03",40000000,60000000,22500000.87,47050000.27,55.26,2600338955.19,NaN
1501891200000,"2017-08-04",44765950.2,59499998.63,33100000,40000000,27.3,1259135368.56,NaN
1501977600000,"2017-08-05",45694999.85,59500198.33,34999300.01,44860007.62,19.84,924209777.26,NaN
1502064000000,"2017-08-06",40300000,55350002.05,24449998.48,43228170,59.72,2709308806.21,NaN
1502150400000,"2017-08-07",39850004.58,54999998.87,31999461.06,44190001.69,57.53,2342377178.57,NaN
1502236800000,"2017-08-08",34902990.63,79001422.03,26999298.02,36099988.3,75.69,2641783213.38,NaN
1502323200000,"2017-08-09",41999865.6,53999998.6,26999298.02,34902990.63,58.75,2505867510.51,NaN
1502409600000,"2017-08-10",50699999.92,62000000,26999922.86,41999865.6,59.96,3075594688.68,NaN
1502496000000,"2017-08-11",53999995.68,90000000,26999922.86,50699999.92,27.92,1469285590.72,NaN
1502582400000,"2017-08-12",54000000,67000552.75,40000000,55000004.23,18.32,1010812747.81,NaN
1502668800000,"2017-08-13",56501001.33,70253844.1,40000000,58400006.67,42.01,2433472871.35,NaN
1502755200000,"2017-08-14",55492910.23,70000000,40000000,56851001.86,68.21,3928081600.22,NaN
1502841600000,"2017-08-15",63025000.37,84999517.05,17820000.88,55492910.23,67.92,4346986329.33,NaN
1502928000000,"2017-08-16",63299999.58,94304036.21,12462767.48,63025000.37,63.89,4351821532.7,NaN
1503014400000,"2017-08-17",64490000.18,73519140.71,7200000.12,62100550,46.51,2974338436.43,NaN
1503100800000,"2017-08-18",56000010,70614985.91,37500001.48,61619999.91,25.45,1597104788.52,NaN
1503187200000,"2017-08-19",61007322.04,85000015.18,44822949.35,56000010,15.17,946710089.13,NaN
1503273600000,"2017-08-20",64090033.68,70547732.6,45000000,60000240,53.62,3314908059.39,NaN
1503360000000,"2017-08-21",59595954.33,612711308.81,36279960.38,63396004.46,53.63,3384941620.1,NaN
1503446400000,"2017-08-22",64700002.26,640002000.01,6750000,63990007.32,51.56,3328198247.77,NaN
1503532800000,"2017-08-23",66810000.18,76106570.51,45000000,63450119.88,51.49,3436437996.73,NaN
1503619200000,"2017-08-24",66576865.78,82119335.82,45000236.84,66810000.18,51.67,3604908374.48,NaN
1503705600000,"2017-08-25",64200211.28,98898925.3,45000450,66576865.78,20.84,1402576768.82,NaN
1503792000000,"2017-08-26",65000135.42,76599004.21,45000000,64200211.28,14.43,962069202.96,NaN
1503878400000,"2017-08-27",68949983.68,80051232.79,45000450,66220000,46.23,3134258382.04,NaN
1503964800000,"2017-08-28",74700004.78,90277737.65,50313410.62,68949983.68,53.74,3832972074.2,NaN
1504051200000,"2017-08-29",73377038.27,79654732.94,15600088.61,74700004.78,47.52,3516582731.86,NaN
1504137600000,"2017-08-30",77000055,99900099.9,38584459.65,73377038.27,60.52,4626077955.17,NaN
1504224000000,"2017-08-31",80140000,91989994.25,60457664.52,77000055,64.06,5158250888.56,NaN
1504310400000,"2017-09-01",74014862.18,89766606.82,5000000,80140000,32.85,2586260052.29,NaN
1504396800000,"2017-09-02",76018999.05,99900099.9,50998725.03,74014862.18,14.51,1092814411.74,NaN
1504483200000,"2017-09-03",74999973.77,714382074.23,3910000,76018999.05,66.65,4932327021.21,NaN
1504569600000,"2017-09-04",73999526.4,85700010.54,3272251.31,75799997.92,60.23,4551664170.54,NaN
1504656000000,"2017-09-05",80000000,90613307.11,59998285.76,75150100.82,55.63,4467002820.23,NaN
1504742400000,"2017-09-06",82500000,791364100,20218321.48,20218321.48,36.96,3142267428.1,NaN
1504828800000,"2017-09-07",78114015.22,826010000,60000000,82500000,62.67,5216960592.51,NaN
1504915200000,"2017-09-08",78450015.96,99001149.12,53000000,78114015.22,31.5,2450027792.59,NaN
1505001600000,"2017-09-09",76100000.36,87850303.08,37500009.63,78450015.96,19.11,1479115377.63,NaN
1505088000000,"2017-09-10",77499893.65,105654836.21,7763119.28,75000000,52.46,4059694674.84,NaN
1505174400000,"2017-09-11",75200032.09,85878927.89,60000000,77499893.65,66.9,5186980124.88,NaN
1505260800000,"2017-09-12",77999895.48,89999981.54,58441937.93,75200032.09,60.27,4583579001.12,NaN
1505347200000,"2017-09-13",65100000,92900000.09,53598774.89,73349989.55,72.48,5178322485.42,NaN
1505433600000,"2017-09-14",81740004.93,89999000,50000000,65100000,69.48,5128639315.03,NaN
1505520000000,"2017-09-15",75060000.79,99000099,59999700,76699997.93,48.7,3778933770.9,NaN
1505606400000,"2017-09-16",76509999.72,90000036.78,59999700,75060000.79,26.18,2038639002.62,NaN
1505692800000,"2017-09-17",88250000,903876536.17,59998800.02,77500688.9,59.82,5254495986.68,NaN
1505779200000,"2017-09-18",88999960.84,99816337.94,55706168.53,71000035.5,64.07,5760787032.08,NaN
1505865600000,"2017-09-19",85999898.59,100000000,46499995.37,88999960.84,53.24,4818626471.1,NaN
1505952000000,"2017-09-20",75000000,150000000,56400000,85999969.42,51.77,4090106527.05,NaN
1506038400000,"2017-09-21",71380062.12,91499806.94,20925567.13,75000000,44.09,3303091142.28,NaN
1506124800000,"2017-09-22",79000173.8,90000000,59998800.02,71380062.12,24.21,1891511550.16,NaN
1506211200000,"2017-09-23",75203519.52,114999178.58,59998800.02,79000173.8,14.13,1103009801.19,NaN
1506297600000,"2017-09-24",84803049.66,93999981.2,60000000,71004962.28,51.71,4309421465.59,NaN
1506384000000,"2017-09-25",89200000.09,99000000.99,59998800.02,84803049.66,70.91,6376111812.88,NaN
1506470400000,"2017-09-26",104499999.9,130005200.21,59998800.02,89200000.09,63.65,6284854434.17,NaN
1506556800000,"2017-09-27",99920063.95,122968559.4,60000000,100305933.1,55.52,5827427453.35,NaN
1506643200000,"2017-09-28",103999022.41,145003190.07,60059999.77,99920063.95,58.91,6123458177.28,NaN
1506729600000,"2017-09-29",103600100.15,130550098.67,67238929.06,103999022.41,37.14,4006743823.44,NaN
1506816000000,"2017-09-30",108050000.02,129886998.31,90000000,103600100.15,19.58,2121184064.45,NaN
1506902400000,"2017-10-01",108609794.63,145998189.62,66000017.6,108050000.02,56.11,6257859987.91,NaN
1506988800000,"2017-10-02",107002988.95,127600006.38,90000777,108609794.63,56.3,6128805395.98,NaN
1507075200000,"2017-10-03",111608146.06,144998985.01,20549409,107002988.95,53.65,5984595999.66,NaN
1507161600000,"2017-10-04",103900421.84,125000000,11338999.81,109160009.36,66.15,7414377312.45,NaN
1507248000000,"2017-10-05",107800000,150000150,18319641.53,38000000.27,62.53,6845861682.35,NaN
1507334400000,"2017-10-06",110499984.81,120637157.21,89999280.01,107801989.31,28.07,3076975242.87,NaN
1507420800000,"2017-10-07",116999725.89,156000156,60079990.8,110499984.81,17.29,1962832599.76,NaN
1507507200000,"2017-10-08",123949924.23,132548750.77,108922.87,115359644.46,54.12,6313010224.27,NaN
1507593600000,"2017-10-09",116500006.72,141416432.65,62799999.95,117047126.85,57.61,7108646099.84,NaN
1507680000000,"2017-10-10",125264000.45,175002625.04,54000006.53,116500006.72,50.67,6376359165.57,NaN
1507766400000,"2017-10-11",141229639.39,190001187.51,14732300.83,125264000.45,39.11,5544820654.97,NaN
1507852800000,"2017-10-12",164349999.74,200000000,89998200.04,141229639.39,47.08,7455732698.15,NaN
1507939200000,"2017-10-13",155420926.5,185836635.84,106000001.88,164349999.74,27.06,4335767700.76,NaN
1508025600000,"2017-10-14",163799999.62,196850393.7,102614720.81,155420926.5,16.96,2720247095.29,NaN
1508112000000,"2017-10-15",165353940.11,179838576.89,126499546.71,159100000.32,53.1,8911080666.58,NaN
1508198400000,"2017-10-16",171901686.97,185499999.74,153000000,171152000.06,59.04,10272591466.09,NaN
1508284800000,"2017-10-17",172699996.33,190000000,152097200.01,171978481.4,63.85,11015803366.82,NaN
1508371200000,"2017-10-18",193421205.63,214998280.01,168998850.81,169000000,43.67,8295726142.16,NaN
1508457600000,"2017-10-19",208000000,238742343.53,111999992.83,193495000.26,59.93,12811088257.36,NaN
1508544000000,"2017-10-20",214854522.06,250000000,194363459.67,228500049.51,31.8,7104059466.11,NaN
1508630400000,"2017-10-21",232864246,239998080.02,185611403.96,219076150.63,14.3,3183076288.16,NaN
1508716800000,"2017-10-22",223457107.5,236375884.93,111583481.18,211815000,36.03,7952618169.53,NaN
1508803200000,"2017-10-23",204349372.03,340000170,201000010.5,231000000.91,67.83,15979219083.52,NaN
1508889600000,"2017-10-24",213339022.37,240000960,113055875.73,223094272.95,45.26,9760821466.26,NaN
1508976000000,"2017-10-25",215700090.59,349999125,194999794.74,222000222,42.73,9288841650.88,NaN
1509062400000,"2017-10-26",218504996.48,300000000,177000000,196000171.05,56.1,12596820988.02,NaN
1509148800000,"2017-10-27",206000096.13,247500247.5,196779377.52,219505640,16.57,3711730276.44,NaN
1509235200000,"2017-10-28",222555004.14,251906935.5,196000031.36,224000788.48,14.29,3252831846.48,NaN
1509321600000,"2017-10-29",227800000,296000531.84,150003750.09,206000000,47.03,11123481821.58,NaN
1509408000000,"2017-10-30",230999964.2,264165896.18,189998480.01,237000521.4,55.71,13527624847.66,NaN
1509494400000,"2017-10-31",257400257.4,270000270,196726471.51,206733450.16,48.28,12260456538.05,NaN
1509580800000,"2017-11-01",283602022.9,309999851.2,234999216.67,282869427.47,48.32,13713371027.62,NaN
1509667200000,"2017-11-02",304999966.11,346138232.66,260000002.88,263999915.52,36.02,10910848275.68,NaN
1509753600000,"2017-11-03",311997878.41,374999330.36,225242135.3,317995357.27,27.62,8668838197.27,NaN
1509840000000,"2017-11-04",320000000,368900234.62,250997715.92,317688000.22,5.604,1821944718.14,NaN
1509926400000,"2017-11-05",297000002.97,364896916.62,219999661.54,312000183.92,30.36,9617178680.81,NaN
1510012800000,"2017-11-06",312899816.43,371968457.07,212002747.56,312000798.72,46.88,14892628641.4,NaN
1510099200000,"2017-11-07",340000054.4,386000532.68,279998320.01,332303193.43,41.55,14326097292.18,NaN
1510185600000,"2017-11-08",312300000,424899086.47,248328747.53,350251011.77,41.32,14517078637.59,NaN
1510272000000,"2017-11-09",326199998.8,397994109.69,241794653.65,348127595.73,40.63,14066580253.49,NaN
1510358400000,"2017-11-10",337618012.84,387125318,280096353.15,343300001.23,19.79,6890142754.7,NaN
1510444800000,"2017-11-11",344684957.95,372231874.4,303111690.9,337927864.95,2.973,1019995553.02,NaN
1510531200000,"2017-11-12",344001192.54,388953714.51,300000000,345000211.1,36.17,12754519276.81,NaN
1510617600000,"2017-11-13",335000358.93,410499992.72,307498098.37,347000035.45,54,20321923361.11,NaN
1510704000000,"2017-11-14",466798926.36,580585229.91,325998999.79,408999349.01,48.94,22333706208.2,NaN
1510790400000,"2017-11-15",510001122,580949503.87,340000170,405005872.59,50.31,25712945212.3,NaN
1510876800000,"2017-11-16",561161246.1,710110554.07,384999890.92,541746145.34,42.38,24967868353.96,NaN
1510963200000,"2017-11-17",545599873.42,641239387.49,444998220.01,565166198.86,18.79,10756050346.38,NaN
1511049600000,"2017-11-18",572000100,732343600,494442420.8,588999260.81,11.55,6667456684.64,NaN
1511136000000,"2017-11-19",622998616.94,774593338.5,651669.58,535000002.7,38.68,24248954558.31,NaN
1511222400000,"2017-11-20",628500946.68,705005776.8,550000982.14,601601980.13,44.54,28669912974.71,NaN
1511308800000,"2017-11-21",591200000,699950070.23,544988827.73,628502246.07,36.27,22490551912.67,NaN
1511395200000,"2017-11-22",593499764.48,663773529.63,520000000,591649643.76,40.08,24090087904.18,NaN
1511481600000,"2017-11-23",639401724.59,695000058.38,500000000,584199999.52,32.2,20055822936.58,NaN
1511568000000,"2017-11-24",679999844.57,765999998.99,539999568,625101579.01,19.52,13046753085.86,NaN
1511654400000,"2017-11-25",759999895.17,900001232.88,581496772.69,655904003.66,11.31,7970336938.08,NaN
1511740800000,"2017-11-26",736302077.73,829503790.83,643004115.23,664996785.85,33.22,24907691211.08,NaN
1511827200000,"2017-11-27",831000000,968999759.69,592000274.55,770000770,47.44,40083987266.95,NaN
1511913600000,"2017-11-28",997963157.2,1300027857.74,640000000,833913497.54,42.29,43437810594.66,NaN
1512000000000,"2017-11-29",943400001.86,1317939796.51,800000000,965005332.55,35.51,34713101996.87,NaN
1512086400000,"2017-11-30",995002874.45,1174996083.35,651000000,945004001.58,34.88,35666324669.24,NaN
1512172800000,"2017-12-01",919999631.47,1200000000,550000097.1,994995174.27,18.44,18738801401.4,NaN
1512259200000,"2017-12-02",1040521370.57,1185000000,640000000,1019000279.21,13.16,14050564775.64,NaN
1512345600000,"2017-12-03",1090003534.42,1500000000,893000660.82,1087902523.93,36.43,39572919852.15,NaN
1512432000000,"2017-12-04",979991833.4,1500000068.18,899998200,1069999358,42.04,47928653727.86,NaN
1512518400000,"2017-12-05",1266998901.93,1520013511.23,877963125.55,1139321989.48,13.74,15648429843.44,NaN
1512604800000,"2017-12-06",1443000000,2259989152.05,650000650,889301318.49,33.09,46176255658.89,NaN
1512691200000,"2017-12-07",1674999790.63,2490000000,750000187.5,1569992544.51,32.19,49768802367.23,NaN
1512777600000,"2017-12-08",1260000000,1990049751.24,889996440.01,1533099999.76,17.31,24795222331.64,NaN
1512864000000,"2017-12-09",1324099943.06,2600000000,750018750.47,1261000000,8.234,11474137391.17,NaN
1512950400000,"2017-12-10",1453214845.79,1847916474.18,926045968.92,1350001350,22.48,36389197005.13,NaN
1513036800000,"2017-12-11",1599002222.61,2867520550.56,800000000,1407088206.84,25.1,38118463596.22,NaN
1513123200000,"2017-12-12",1422009868.75,1988348279.08,750018750.47,1515509726.54,26.66,44217899542.27,NaN
1513209600000,"2017-12-13",1395001395,1899999991.92,750000000,1575001575,34.47,57252939971.93,NaN
1513296000000,"2017-12-14",1744999604.06,2600000000,1342432111.54,1714305415.19,28.34,49651386980.24,NaN
1513382400000,"2017-12-15",1856000000,2900700200,1349983125.21,1744999703.35,17.43,32599402722.57,NaN
1513468800000,"2017-12-16",1873335741.91,2500000000,800000000,2182306496.14,8.778,17445866453.91,NaN
1513555200000,"2017-12-17",1715324710.97,2239999522.13,1000000000,1800999194.35,30.44,59252016258.58,NaN
1513641600000,"2017-12-18",1831210045.29,2399998989.47,845165652.47,1980001980,36.19,69872001274.59,NaN
1513728000000,"2017-12-19",1825000018.25,2823901502.32,1000000000,1914901765.54,35.02,64751625615.96,NaN
1513814400000,"2017-12-20",1584000000,2278734846.41,749999062.5,1628346251.55,34.38,56477352762.07,NaN
1513900800000,"2017-12-21",1615078801.65,2767655334.66,145000036.25,1699899705.92,35.6,52566224011.01,NaN
1513987200000,"2017-12-22",1582000629.64,1900011875.07,613167778.03,1575000001.56,18.71,30309496845.33,NaN
1514073600000,"2017-12-23",1439000000,2199788453.68,1005395623.18,1614000051.65,11.82,17876342012.83,NaN
1514160000000,"2017-12-24",1540000178.19,2047921359.82,1160300000,1590002067,3.985,6086861882.45,NaN
1514246400000,"2017-12-25",1620000000,2949562481.57,1000000000,1495002952.63,20.26,32906547195.54,NaN
1514332800000,"2017-12-26",1562805235.4,2160013824.09,1000006666.71,1531000005,33.25,53370373080.88,NaN
1514419200000,"2017-12-27",1509998513.23,1743071291.62,1000000000,1435000002.4,43.29,69302917104.52,NaN
1514505600000,"2017-12-28",1609229754.94,1750000014.58,1213003396.41,1582999848.03,39.21,63464393640.34,NaN
1514592000000,"2017-12-29",1452011035.28,2751301955.39,133123.79,1400000003.71,15.37,23317866651.41,NaN
1514678400000,"2017-12-30",1644999670.41,2000000000,900000000,1625000040.63,14.13,22556792077.23,NaN
1514764800000,"2017-12-31",1584128301.72,1957205697.43,1101000920,1654998924.25,2.956,4761970658.67,NaN
1514851200000,"2018-01-01",1734999626.98,2000501459.03,1175206500.57,1604595621,20.99,35764288201.81,NaN
1514937600000,"2018-01-02",1910000764,2500500100.02,1189994526.03,1753468214,22.35,40676671575.98,NaN
1515024000000,"2018-01-03",1930000000,2510040160.64,145812.38,1929998938.5,25.94,50155261237.82,NaN
1515110400000,"2018-01-04",2581880780.49,3800023750.15,1550003100.01,1890001890,37.91,88608387919.94,NaN
1515196800000,"2018-01-05",1799998560,5084918132.82,1585003751.18,2663636040.77,20.71,53681575743.15,NaN
1515283200000,"2018-01-06",2300000000,4000000000,1600000000,2336105005.93,10.46,24922233966.41,NaN
1515369600000,"2018-01-07",1846625200,4000000000,1700000000,2360000000,32.99,72513122683.26,NaN
1515456000000,"2018-01-08",2341998650.47,4000000000,1719000000,2168896292.05,37.77,86691064498.71,NaN
1515542400000,"2018-01-09",2429956503.78,4800076801.23,1750000000,2236000100.07,45.5,108429439759.31,NaN
1515628800000,"2018-01-10",2561000000,3776585171.93,1411233418.01,3776585171.93,41.49,104691748618.49,NaN
1515715200000,"2018-01-11",2525001725.42,2994998352.75,144436.41,2498001598.72,39.22,106520158604.71,NaN
1515801600000,"2018-01-12",2510800000,3050082352.22,1904000304.64,2460002594.18,22.48,60853541627.16,NaN
1515888000000,"2018-01-13",2563602990.19,3751585044.68,1800000000,2550999857.68,12.18,31854159386.19,NaN
1515974400000,"2018-01-14",2452964407.49,2894914600.02,1700000000,2599999080.26,34.96,88806252238.25,NaN
1516060800000,"2018-01-15",2158600121.92,2650003445,1738000000,2440000390.4,39.77,87943838556.49,NaN
1516147200000,"2018-01-16",2309034153.51,2795169946.33,1698210934.78,2120108046.99,40.94,85979289845.52,NaN
1516233600000,"2018-01-17",2409000024.09,2920000333.71,1797203551.27,2298498314.43,9.487,22794925437.87,NaN
1516320000000,"2018-01-18",2409000024.09,2409000024.09,2409000024.09,2409000024.09,0,0,NaN
1516406400000,"2018-01-19",2811099997.17,2997961386.26,2110060769.75,2540009688.32,25.28,79038651714.64,NaN
1516492800000,"2018-01-20",2477000120,2998001038.72,2000000000,2811110579.91,10.17,27108841431.5,NaN
1516579200000,"2018-01-21",2437003460.54,2800022400.18,1156024816,2490002639.4,37.34,92468935554.23,NaN
1516665600000,"2018-01-22",2810000416.82,2994998352.75,1782960248.9,2525903136.67,46.13,123110227289.33,NaN
1516752000000,"2018-01-23",3050000100,3348961821.84,1000000000,2856734752.18,43.46,129129657106.74,NaN
1516838400000,"2018-01-24",2951000389.13,30180074444.18,2250002250,3002800111.1,37,114010453362.7,NaN
1516924800000,"2018-01-25",2599968800.37,3350500660.53,1917055402.9,2785399997.79,35.27,103364463021.87,NaN
1517011200000,"2018-01-26",2989983555.09,3075001404.96,750000000,2805993602.33,20.02,59181163047.25,NaN
1517097600000,"2018-01-27",2870000459.2,3533943527.58,2301000000,2789322473.57,13.25,39148425414.06,NaN
1517184000000,"2018-01-28",2587786617.58,3300018857.25,531393863.82,2999914288.16,32.1,86121186420.38,NaN
1517270400000,"2018-01-29",2320000000,2806886227.54,1747009701.73,2620001528.33,44.02,105277672844.15,NaN
1517356800000,"2018-01-30",2205023042.49,3000000000,1725515255.8,2320867695.07,47.55,105328297697.9,NaN
1517443200000,"2018-01-31",1997001169.91,3000000000,1500000000,2112000000,60.13,123171084584.4,NaN
1517529600000,"2018-02-01",1870000216.51,3499930001.4,1515002310.38,1935050289.82,49.57,93499502685.37,NaN
1517616000000,"2018-02-02",2000000000,2249010435.41,1480345684.09,1897003284.52,27.14,54702361371.25,NaN
1517702400000,"2018-02-03",1969899929.08,3174999041.55,1480345453.42,2080000133.12,16.92,33392009505.04,NaN
1517788800000,"2018-02-04",1611587999.99,2224991100.04,1349999325,2029989714.72,56.26,92262778199.35,NaN
1517875200000,"2018-02-05",1717000102.07,2394980121.66,1010000000,1556904873.11,59.39,116029565206.75,NaN
1517961600000,"2018-02-06",1771598442.41,3500000000,1261368079.82,1722999167.22,39.19,73796582908.25,NaN
1518048000000,"2018-02-07",1826717571.2,2014950935.94,1234567654.32,1660997129.8,51.76,96153123636.41,NaN
1518134400000,"2018-02-08",1890000000,2044999811.86,1699990846.2,1860624990.66,52.2,102033829446.71,NaN
1518220800000,"2018-02-09",2049999487.5,2487345629.11,1629991850.04,1905996264.25,34.1,70065533205.79,NaN
1518307200000,"2018-02-10",1928985620,2099999160,200000000,2049999907.75,13.5,27361882147.03,NaN
1518393600000,"2018-02-11",1847989651.26,2115059221.66,1646000219.47,1945310280.01,28.04,56826268090.78,NaN
1518480000000,"2018-02-12",1801064003.92,2436812108.25,1350002000.51,2006800000,23.33,45393039310.83,NaN
1518566400000,"2018-02-13",2000000087.92,2368545712.93,1420002726.41,1860799121.49,50.11,102471398855.72,NaN
1518652800000,"2018-02-14",2000000800,2449000183.43,1546997792.95,1992812589.26,67.5,353569118734.74,NaN
1518739200000,"2018-02-15",2201001561.14,2590002590,1320000500,2290478480.95,47.67,104115320840.57,NaN
1518825600000,"2018-02-16",2424401112.32,2650000203.85,1600000000,2266009712.68,32.1,79391789537.45,NaN
1518912000000,"2018-02-17",2389981198.81,3100512993.97,1804565550.84,2571800000,16.72,42387062890.7,NaN
1518998400000,"2018-02-18",2488610872.34,2550001275,1804567653.33,2375071252.14,45.53,113979780292.69,NaN
1519084800000,"2018-02-19",2572000710.36,3100497457.59,1562841871.66,2510908096.24,44.39,115535504030.27,NaN
1519171200000,"2018-02-20",2431100000.75,26400000000,1805636164.31,2644897299.92,51.22,128318716178.09,NaN
1519257600000,"2018-02-21",2311000593.93,3300003300,249392868.12,2431492693.36,44.55,104835825041.87,NaN
1519344000000,"2018-02-22",77000003,2500000000,77000003,2201999337.45,40.58,94682025715.11,NaN
1519430400000,"2018-02-23",2280000000,2595013836.61,77000003,77000003,21.9,50213431040.75,NaN
1519516800000,"2018-02-24",2195004170.51,2460000393.6,1424055139.41,2269999753.64,14.87,33378250255.08,NaN
1519603200000,"2018-02-25",2399975040.26,3499902780.48,1087468735.27,2155700000,45.21,105747481792.55,NaN
1519689600000,"2018-02-26",2305002637.08,2758925122.77,1328734709.38,2275002105.26,60.16,144870643499.34,NaN
1519776000000,"2018-02-27",2329998118.06,3240020736.13,1549519279.59,2361981545.05,55.8,131463019636.52,NaN
1519862400000,"2018-02-28",2434432614.91,2909937436.35,1557244300.49,2249957547.97,62.16,147605157240.42,NaN
1519948800000,"2018-03-01",2440999637.56,3499930001.4,1233947260.18,2385496183.21,69.87,172504272712.44,NaN
1520035200000,"2018-03-02",2560494464.88,3353004291.85,2100002100,2410011877.92,32.57,85628967145.58,NaN
1520121600000,"2018-03-03",2562197340.44,5000000000,2150000000,2568053415.51,22.26,59666833738.2,NaN
1520208000000,"2018-03-04",150000000,2764976958.53,150000000,2549995856.26,67.12,181747133051.95,NaN
1520294400000,"2018-03-05",2560000000,2999940001.2,150000000,150000000,62.18,158500960598.66,NaN
1520380800000,"2018-03-06",2300105498.17,3000000000,375781272.75,2369998605.88,68.78,164180670437.8,NaN
1520467200000,"2018-03-07",2210000210.48,2799944001.12,1700583867.13,2311011208.32,65.31,150128400731.46,NaN
1520553600000,"2018-03-08",2221652162.73,3554923569.14,794205476.84,2000201701.01,51.72,112761723509.86,NaN
1520640000000,"2018-03-09",2176752285.59,5000000000,1000000000,2000112006.27,38.25,88205361662.33,NaN
1520726400000,"2018-03-10",2276120058.31,3175006350.01,410239579.91,2247000152.78,20.41,46652297095.8,NaN
1520812800000,"2018-03-11",2211994587.12,2600000185.71,1899984800.12,2064995740.95,63.22,144929091396,NaN
1520899200000,"2018-03-12",2320800542.97,2770151438.9,382449183.93,2211997876.48,70.92,161846904624.1,NaN
1520985600000,"2018-03-13",2146458580.11,2549999999.41,1784030379.49,2319997216,77.46,176522798079.86,NaN
1521072000000,"2018-03-14",2129966282.63,2376000004.94,1750000000,2005535277.37,67.98,148008761829.03,NaN
1521158400000,"2018-03-15",2110100000.1,3175107159.87,310242019.8,2144999701.74,74.3,167057182484.87,NaN
1521244800000,"2018-03-16",2107981344.37,2800000000,1850013258.43,2090000000,37.69,84133476597.57,NaN
1521331200000,"2018-03-17",2101999527.05,209003887472.31,1453706709.83,2280899965.93,20.06,42924422822.18,NaN
1521417600000,"2018-03-18",2149999114.71,2625000048.15,305177941.93,2105999149.18,60.41,135798131059.45,NaN
1521504000000,"2018-03-19",200000000,2290076335.88,200000000,2186199999.9,76.13,176182150897.98,NaN
1521590400000,"2018-03-20",2519998905.44,3770028275.21,200000000,200000000,79.71,198908885362.17,NaN
1521676800000,"2018-03-21",2600015147.42,2846999972.36,2001000500.25,2470000267.1,64.54,167441411431.97,NaN
1521763200000,"2018-03-22",2814999895.85,4000000000,2099958000.84,2642998424.26,62.11,167912485176.57,NaN
1521849600000,"2018-03-23",2670320000.56,4500004500,1250136733.71,2765301399.83,42.32,122568448207.46,NaN
1521936000000,"2018-03-24",2650000000,3770028275.21,1731714180.57,2750998990.22,17.89,50224750399.97,NaN
1522022400000,"2018-03-25",2542000000,5000000000,2000000000,2600011818.24,73.7,193248810294.86,NaN
1522108800000,"2018-03-26",2540005080.01,3554957724.83,2099994970.07,2562097739.61,73.77,191091633716.22,NaN
1522195200000,"2018-03-27",70000,3549999254.5,70000,2506014434.64,74.18,196670090110.38,NaN
1522281600000,"2018-03-28",2400000846.37,2859005294.88,70000,70000,39.15,99670674269.58,NaN
1522368000000,"2018-03-29",2206500149.07,3499868754.92,1889073598.31,2399998080,20.58,48166684493.41,NaN
1522454400000,"2018-03-30",2250984805.85,2849002849,1316504023.57,1955579000,32.21,76913725782.8,NaN
1522540800000,"2018-03-31",70000,2636956951.68,70000,2185200076.92,27.6,64871907898.83,NaN
1522627200000,"2018-04-01",2260001456.02,2497017994.2,70000,70000,95.21,223080639413.78,NaN
1522713600000,"2018-04-02",2555000958.13,4000000000,1080613788.63,1952277657.27,124.58,311731728592.25,NaN
1522800000000,"2018-04-03",2483000315.7,3300003300,311579802.14,2463000278.35,111.15,281040832910.72,NaN
1522886400000,"2018-04-04",2649998178.13,3554986757.67,1900000000,2549999974.5,107.14,279815150173.51,NaN
1522972800000,"2018-04-05",2818000031.56,3074998979.1,332394884.34,2630491360.15,119.59,334235234974.58,NaN
1523059200000,"2018-04-06",2822500000,4100000000,337643828.59,2742631463.47,50.66,153552027636.35,NaN
1523145600000,"2018-04-07",2900079093.07,3200000000,1020473800,2740000668.29,34.71,105121634145.27,NaN
1523232000000,"2018-04-08",3050000000,3299001722.08,243815260.2,2932011000,116.12,355555155901.06,NaN
1523318400000,"2018-04-09",3560215267.94,4400799688.17,326324700.83,3093322444.84,132.83,453188038579.18,NaN
1523404800000,"2018-04-10",3815028901.73,5000000000,412003021.36,3719816017.9,108.44,436861526763.95,NaN
1523491200000,"2018-04-11",4441996410.87,5559999848.77,2755045290,3960999312.41,91.44,427386054726.09,NaN
1523577600000,"2018-04-12",5469000000,6200000000,4000000000,4856726566.29,113.85,624069601454.37,NaN
1523664000000,"2018-04-13",5415006064.81,7000000000,1819712030.57,5504667958.43,47.64,263195556647.86,NaN
1523750400000,"2018-04-14",70000,5415006064.81,70000,5415006064.81,24.67,140105318095.55,NaN
1523836800000,"2018-04-15",70000,6350012700.03,70000,5773389513,102.42,593025581629.42,NaN
1523923200000,"2018-04-16",6387018794.79,7499906251.17,70000,70000,125.67,800126268466.29,NaN
1524009600000,"2018-04-17",6009976561.09,8460000693.72,3221344248.01,6375091871.62,106.76,721659275826.09,NaN
1524096000000,"2018-04-18",5900000885,7500018750.05,679360133.34,6139991813.34,63.75,393176894659.84,NaN
1524182400000,"2018-04-19",6521000000,8460236886.63,4200000000,5844999313.08,68.17,417533660901.84,NaN
1524268800000,"2018-04-20",6228366159.42,7899000013.22,4249979762,6532617358.47,36.63,242722248725.91,NaN
1524355200000,"2018-04-21",6010012681.13,60043231126.41,4749841671.94,5780012716.03,17.67,111271991746.57,NaN
1524441600000,"2018-04-22",6552000000,8488243782.36,5199991680.01,6010012681.13,70.08,455219942911.99,NaN
1524528000000,"2018-04-23",7450010430.01,9000000900,661305407,6420009886.82,85.89,614874008214.63,NaN
1524614400000,"2018-04-24",6934004914.82,11000000000,3000000000,7099989283.04,89.44,642264578877.23,NaN
1524700800000,"2018-04-25",7114996848.06,11999997913.04,5000000000,6300998708.3,79.97,570993164169.87,NaN
1524787200000,"2018-04-26",7265108155.67,12999996100,5999880002.4,7219653629.9,68.72,507081691686.51,NaN
1524873600000,"2018-04-27",7315030027.02,8000000000,5106937737.15,7155701003.39,41.27,310427662976.35,NaN
1524960000000,"2018-04-28",7259999694.32,8919999203.15,5000000000,7400500273.82,24.45,182884001635.73,NaN
1525046400000,"2018-04-29",7042253521.13,15000000000,3520823716.27,7428978961.13,80.65,598897784581.93,NaN
1525132800000,"2018-04-30",7070002309.12,9530023238.6,702553098.48,7100000000,42.19,302727169693.03,NaN
1525219200000,"2018-05-01",7215002009.38,8500004250,731810410.63,7200383060.38,70.48,507547744142.45,NaN
1525305600000,"2018-05-02",7552000000,14700002352,5999880002.4,7296287648.84,74.08,553845141116.19,NaN
1525392000000,"2018-05-03",7530007078.21,9299999873.97,810773559.05,7555000000,60.4,498099350237.75,NaN
1525478400000,"2018-05-04",7720000720.53,9230000174.68,6499989600.02,7535545166.55,41.31,339941069225.43,NaN
1525564800000,"2018-05-05",7850899426.85,69999995012.77,2993384619.99,7595150355.85,24.48,197390186371.46,NaN
1525651200000,"2018-05-06",7106000000,8627160025.19,5000000000,7781899221.44,50.75,388707228144.23,NaN
1525737600000,"2018-05-07",7277999190.69,14700000191.1,5000000000,7545099999.75,90.18,686650974070.53,NaN
1525824000000,"2018-05-08",7751096780.19,11999999261.54,5699954400.36,7104993955.18,81.5,629047447027.99,NaN
1525910400000,"2018-05-09",7509128284.07,11500002875,6449019600,7777999425.34,87.75,707974658001.84,NaN
1525996800000,"2018-05-10",7315001608.26,21529993074.52,757603019.81,7949999274.56,77.22,595841052850,NaN
1526083200000,"2018-05-11",7499999906.25,12371001383.08,5736349817.48,7419999421.24,43.96,333863850436.01,NaN
1526169600000,"2018-05-12",7514972136.8,9389999991.46,5999880002.4,7414998168.5,24.09,185835826567.58,NaN
1526256000000,"2018-05-13",7600028061.64,21999999413.33,783681097.33,7489963448.98,61.34,484067718389.74,NaN
1526342400000,"2018-05-14",7779994211.68,21530008525.88,741214312.83,7748411265.61,79.92,634079058076.76,NaN
1526428800000,"2018-05-15",7661074082.59,22000002244.9,903849006.23,7779001674.04,86.13,686808214402.27,NaN
1526515200000,"2018-05-16",8073377863.93,10000000000,7119971520.11,8277570102.74,85.04,706687516194.53,NaN
1526601600000,"2018-05-17",8372659461.11,15000000765.31,2528381077.6,8138186405.16,82.9,717262136588.95,NaN
1526688000000,"2018-05-18",8010000000,86320031589.71,5699954400.36,8636398967.09,39.58,355268410985.35,NaN
1526774400000,"2018-05-19",9010008944.72,10450000085.22,7000021525.28,8698640280.31,22.87,208581666151.7,NaN
1526860800000,"2018-05-20",9330000000,55000055000.06,6210629048,9110000000,68.02,644887343084.14,NaN
1526947200000,"2018-05-21",9579999151.49,15000000765.31,7644591800,9235000281.67,90.04,868339242596.58,NaN
1527033600000,"2018-05-22",9602318500,94998337529.09,8000000000,8910043668.12,86.68,870542326445.48,NaN
1527120000000,"2018-05-23",11000000916.67,14700002352,7899892561.46,9499973793.18,82.95,877612617766.77,NaN
1527206400000,"2018-05-24",11299996836,15000000000,8500010993.37,10827009809.49,73.55,834864369571.28,NaN
1527292800000,"2018-05-25",11100011100.01,13234515616.73,104170044.13,10225001150.31,36.88,420247526264.14,NaN
1527379200000,"2018-05-26",10556039374.03,26000000000,6223420806.97,10140645432.1,21.92,244020739895.92,NaN
1527465600000,"2018-05-27",11307322951.48,12999999985.7,6838542022.84,10401000000,28.43,321463401000.41,NaN
1527552000000,"2018-05-28",10759919300.61,100000000000,6070687080.36,11160001202.22,82.85,992676173830.31,NaN
1527638400000,"2018-05-29",13549999634.15,16999994050,2403306950.36,10808473843.49,85.84,1151338736646.37,NaN
1527724800000,"2018-05-30",12790013557.41,15576991226.26,104350000,11950004720.99,84.58,1104599608301.76,NaN
1527811200000,"2018-05-31",13435803729.78,16633012537.96,6047960325.38,12402024010.32,95.24,1341867529248.19,NaN
1527897600000,"2018-06-01",12200094709.03,29999999259.6,2400441681.27,12706900026.4,46.57,684396778990.38,NaN
1527984000000,"2018-06-02",13220955214.01,18300999280.31,15500031,13794999864.35,25.13,364261566032.75,NaN
1528070400000,"2018-06-03",12000000000,16599999881.43,657712509.54,13560017935.96,67.23,954014222507.06,NaN
1528156800000,"2018-06-04",14310962913.14,100000000000,2439472618.55,14025001528.73,89.84,1280576939838.5,NaN
1528243200000,"2018-06-05",14150008961.67,18500000486.84,10000000000,14310962913.14,48.37,726420830887.98,NaN
1528329600000,"2018-06-06",17107961501.85,140000140000.14,12410027302.06,16579431226.03,71.58,1214678297726.19,NaN
1528416000000,"2018-06-07",16850798488.83,18805900539.35,10000000000,17099999658,70.63,1211967506156.74,NaN
1528502400000,"2018-06-08",14500000000,167700259264.6,10000000000,17440321400.21,39.87,692845081102.2,NaN
1528588800000,"2018-06-09",14506031455.18,20000470599.31,11500069000.41,17158320000.23,21.75,358947517936.76,NaN
1528675200000,"2018-06-10",15438918812.52,18099999929.41,9099153475.42,16299998207,67.4,1069575543325.84,NaN
1528761600000,"2018-06-11",15020879021.84,18000000000,10000000000,15550000000,81.3,1309285421850.24,NaN
1528848000000,"2018-06-12",15599985180.01,19500000726.6,8628371316.99,15080003386.39,88.11,1406489670467.54,NaN
1528934400000,"2018-06-13",16500003000,177399325882.56,14087037290.99,15268769995.88,81.39,1342052748137.4,NaN
1529020800000,"2018-06-14",15556841587.79,20000000000,10000000000,16864923208.38,75.65,1280636963843.7,NaN
1529107200000,"2018-06-15",15655985805.24,18000000000,9125184500,14809987855.81,48.28,772020080410.3,NaN
1529193600000,"2018-06-16",15269950918.01,18670649738.61,2078907873.7,16200103680.66,22.83,362404052226.65,NaN
1529280000000,"2018-06-17",16250000000,18479000148.24,10000000000,15560085269.27,50.65,831109029105.5,NaN
1529366400000,"2018-06-18",17300100000,18999992400,9997400675.82,16999996815.07,87.34,1515017227215.12,NaN
1529452800000,"2018-06-19",18889005371.09,20100000373.29,2117989670.73,18000001800,88.08,1605777290189.75,NaN
1529539200000,"2018-06-20",18852362436.67,77000077000.08,11404068971.81,18329991164.94,81.68,1612954153588.04,NaN
1529625600000,"2018-06-21",17324417033.37,21800028340.04,10897044721.47,19550010882.84,75.68,1419806774070.51,NaN
1529712000000,"2018-06-22",17380120618.04,20950003514.95,13650013650.01,17370308930.94,38.83,715645883722.89,NaN
1529798400000,"2018-06-23",17799928800.28,21000000000,12800000000,18499980544.95,23.5,428757138422.84,NaN
1529884800000,"2018-06-24",17899996300.67,28000000000,19229009.81,17900188548.65,76.06,1427009670698.95,NaN
1529971200000,"2018-06-25",19589406049.21,23199999072,10925737760.44,18355000000,94.65,1803600383066.8,NaN
1530057600000,"2018-06-26",20399998883.37,30000003947.37,16800067200.27,19800019800.02,80.71,1611794956682.29,NaN
1530144000000,"2018-06-27",19600156801.25,36999998972.22,10905682883.19,19405041429.76,90.52,1810146626398,NaN
1530230400000,"2018-06-28",19305000670.85,22214323795.98,12000011000,19300006316.37,54.19,1053504189866.96,NaN
1530316800000,"2018-06-29",17400201146.33,22886384375.31,10421718574.31,19235245124.35,45.63,913441325412.19,NaN
1530403200000,"2018-06-30",19921112394.92,22694262890.34,15999852800.47,18700051179.09,25.62,511132374895.09,NaN
1530489600000,"2018-07-01",19569039109.48,25000000000,12000000000,19609996391.76,60.81,1244447588326.08,NaN
1530576000000,"2018-07-02",19170309025.38,22546919804.06,10000000000,20051058398.04,83.89,1691480157559.28,NaN
1530662400000,"2018-07-03",19709967823.48,36999922916.83,2065568553.11,19150044428.1,107.46,2218076509358.46,NaN
1530748800000,"2018-07-04",18620009061.74,22675623840.43,10000000000,20599995468,71.31,1440704595040.34,NaN
1530835200000,"2018-07-05",19230000000,21737240239.98,13999981333.36,18900018900.02,72.06,1391001850715.11,NaN
1530921600000,"2018-07-06",18665000014.14,22633424034.68,16004993557.99,19610000054.16,46.85,906829564752.17,NaN
1531008000000,"2018-07-07",19773136217.14,22000002640,12000052799.7,18000180001.8,30.67,614578927223.68,NaN
1531094400000,"2018-07-08",20174999782.2,189998480012.16,11999961600.12,20199987094.06,97.6,2003971532888.7,NaN
1531180800000,"2018-07-09",18725334270.93,24262893301.5,10000000000,21290470238.76,98.4,1975069540950.91,NaN
1531267200000,"2018-07-10",19254429962.97,25000000000,13999963250.16,19289002098.01,62.83,1229125637328.35,NaN
1531353600000,"2018-07-11",18882000000,46199928923.19,11586323808.42,19706318752.06,60.81,1191709784343.61,NaN
1531440000000,"2018-07-12",19402995693.18,21799999825.6,8000000000,19499999220,89.45,1770700477234.06,NaN
1531526400000,"2018-07-13",19005083859.93,20949976693.15,1979020728.5,19000028500.04,54.23,1070077778319.29,NaN
1531612800000,"2018-07-14",19101284561.39,23000138000.83,12673949963.25,19599977076.05,30.18,597997061107.84,NaN
1531699200000,"2018-07-15",20411079133.75,22799999544,17749378771.74,19180015661.1,95.69,1979279075459.07,NaN
1531785600000,"2018-07-16",20764996307.29,46200046200.05,18701889389.55,20383000000,102.37,2234708307385.79,NaN
1531872000000,"2018-07-17",21700003074.66,27199997770.28,19900000000,22999921591.18,103.7,2559320674328.75,NaN
1531958400000,"2018-07-18",24585996406.51,46200046200.05,36000639.73,23400012448.81,59.7,1492056839813.39,NaN
1532044800000,"2018-07-19",24149968165.95,27999832001.01,13999938400.89,23240005345.2,80.06,2043174694337.06,NaN
1532131200000,"2018-07-20",23359937706.83,32426322762.35,20000000000,22780000000,58.22,1489495520336.33,NaN
1532217600000,"2018-07-21",25000000000,35700260611.9,20155200000,22052105976.12,31.24,805671799427.08,NaN
1532304000000,"2018-07-22",24239985552.97,46199928923.19,21256966970.92,24628519825.96,71.49,1873646693760.14,NaN
1532390400000,"2018-07-23",25709985004.86,46199928923.19,15063314000.21,26400090010.06,67.7,1823900050870.8,NaN
1532476800000,"2018-07-24",27250836120.4,46199928923.19,15440041173.44,25521011448.73,87.41,2378198345812.26,NaN
1532563200000,"2018-07-25",27699986981.01,38800043973.38,15500031000.06,27082265088.43,86.98,2436514716946.86,NaN
1532649600000,"2018-07-26",27188837350.94,46200046200.05,23518012445.73,26402014676.81,74.88,2081731969912.4,NaN
1532736000000,"2018-07-27",27631069953.97,46199928923.19,22999961666.73,26650000000,41.41,1170580698971.65,NaN
1532822400000,"2018-07-28",27700000000,50000000000,3499061615.29,28299965339.69,23.15,662211541755.8,NaN
1532908800000,"2018-07-29",28580002572.2,214698241621.4,17367744624.68,27499977083.35,77.95,2213397042083.13,NaN
1532995200000,"2018-07-30",26422348021.96,29999000000,15000996334.83,28309997873.92,92.82,2582891683650.59,NaN
1533081600000,"2018-07-31",27600600000,30000000000,23000001002.47,26015320132.97,92.89,2548984668031.51,NaN
1533168000000,"2018-08-01",28125320804.44,32000000000,12000011000,27050003077.61,114.53,3194413185831.5,NaN
1533254400000,"2018-08-02",28958397000,30975004646.25,17143836790.67,26001040041.6,107.58,3073257509313.72,NaN
1533340800000,"2018-08-03",27558970846.35,33000001885.71,17732173255.15,26761819803.75,63.25,1816653219233.28,NaN
1533427200000,"2018-08-04",29350000220.13,32999670003.3,3000000000,28450237947.44,35.06,1005720208089.1,NaN
1533513600000,"2018-08-05",28200005179.59,32000000000,18501514854.52,28304984319.04,89.9,2583719464380.58,NaN
1533600000000,"2018-08-06",27889983312.49,32000000000,24501996912.75,28800001843.2,113.61,3287473619020.05,NaN
1533686400000,"2018-08-07",26920412584.23,32000000000,23000035983.79,28300054385.83,116.39,3236520583235.94,NaN
1533772800000,"2018-08-08",30150000043.98,31000000496,18755040417.11,28391924011.85,74.61,2148135430987.85,NaN
1533859200000,"2018-08-09",35500000946.67,50000000000,26399919563.67,31139997957.22,90.24,2980147877369.4,NaN
1533945600000,"2018-08-10",32015982378.4,38999995542.86,2596093312.25,34500000000,57.92,1950975824968.51,NaN
1534032000000,"2018-08-11",31697730442.5,214702851253.86,21047092870.3,40767332151.37,36.17,1211429869137.78,NaN
1534118400000,"2018-08-12",33402102367.62,214740000000,25000000000,32023005327.03,70.95,2446304058468.66,NaN
1534204800000,"2018-08-13",34020000000,50000000000,27200999062.47,32849997330.94,77.85,2667306165123.72,NaN
1534291200000,"2018-08-14",39950012546.8,44005000728.28,28108392092.65,35299999249.88,98.22,3849869538805.97,NaN
1534377600000,"2018-08-15",41049993144.65,214740000000,450000,39520005817.34,32.96,1340530973013.19,NaN
1534464000000,"2018-08-16",45008995369.22,49900199600.8,35500017750.01,42642933747.45,5.361,235414340099.54,NaN
1534550400000,"2018-08-17",51601184763.2,214738897022.94,501000.38,42950000000,37.11,2051794001525.15,NaN
1534636800000,"2018-08-18",73700044597.98,200000000000,32403356987.78,51299992458.9,15.26,992120087661.26,NaN
1534723200000,"2018-08-19",490677.13,99880143827.41,350000,57525447020.66,17.83,232436059393.14,NaN
1534809600000,"2018-08-20",634999.6,64100000801.93,156708.73,653979.47,37.27,36792309133.6,NaN
1534896000000,"2018-08-21",618582.21,50500043880.21,457005.27,599999.83,13.41,1517442442.53,NaN
1534982400000,"2018-08-22",680003.16,740110,450000.05,609999.93,11.18,7560416.95,NaN
1535068800000,"2018-08-23",600006,800000,480000,679994.56,6.42,4524231.79,NaN
1535155200000,"2018-08-24",569997.41,798998.59,500100.74,750000,3.152,2170731.6,NaN
1535241600000,"2018-08-25",714658.36,738972.26,419998.66,676405.44,0.8964,608540.2,NaN
1535328000000,"2018-08-26",620000.16,740000,484999.92,679999.18,3.938,2682702.17,NaN
1535414400000,"2018-08-27",718999.15,795000.09,500000,700005.6,4.48,3202146.99,NaN
1535500800000,"2018-08-28",706000.05,848498.12,449998.89,745900,4.478,3323926.6,NaN
1535587200000,"2018-08-29",659999.87,750018.75,599999.73,720000.07,2.644,1852407.86,NaN
1535673600000,"2018-08-30",628000.01,759993.92,599998.99,645000.39,3.099,2052503.34,NaN
1535760000000,"2018-08-31",670000.12,900000.09,459997.88,600000,1.894,1279241.79,NaN
1535846400000,"2018-09-01",699999.72,749990.63,644999,665001.12,0.7951,550178.92,NaN
1535932800000,"2018-09-02",700000.01,788999.99,599998.8,749999.06,4.024,2875232.6,NaN
1536019200000,"2018-09-03",738999.99,798999.99,599998.8,694999.22,3.53,2515964.77,NaN
1536105600000,"2018-09-04",739500.02,757999.99,650000.65,690000.08,1.021,739258.29,NaN
1536192000000,"2018-09-05",949999.98,949999.98,759999.98,759999.98,0.07895,70000,NaN
1536278400000,"2018-09-06",949999.98,949999.98,949999.98,949999.98,0,0,NaN
1536364800000,"2018-09-07",949999.98,949999.98,949999.98,949999.98,0,0,NaN
1536451200000,"2018-09-08",949999.98,949999.98,949999.98,949999.98,0,0,NaN
1536537600000,"2018-09-09",949999.98,949999.98,949999.98,949999.98,0,0,NaN
1536624000000,"2018-09-10",949999.98,949999.98,949999.98,949999.98,0,0,NaN
1536710400000,"2018-09-11",949999.98,949999.98,949999.98,949999.98,0,0,NaN
1536796800000,"2018-09-12",949999.98,949999.98,949999.98,949999.98,0,0,NaN
1536883200000,"2018-09-13",949999.98,949999.98,949999.98,949999.98,0,0,NaN
1536969600000,"2018-09-14",949999.98,949999.98,949999.98,949999.98,0,0,NaN
1537056000000,"2018-09-15",949999.98,949999.98,949999.98,949999.98,0,0,NaN
1537142400000,"2018-09-16",949999.98,949999.98,949999.98,949999.98,0,0,NaN
1537228800000,"2018-09-17",949999.98,949999.98,949999.98,949999.98,0,0,NaN
1537315200000,"2018-09-18",949999.98,949999.98,949999.98,949999.98,0,0,NaN
1537401600000,"2018-09-19",949999.98,949999.98,949999.98,949999.98,0,0,NaN
1537488000000,"2018-09-20",949999.98,949999.98,949999.98,949999.98,0,0,NaN
1537574400000,"2018-09-21",949999.98,949999.98,949999.98,949999.98,0,0,NaN
1537660800000,"2018-09-22",949999.98,949999.98,949999.98,949999.98,0,0,NaN
1537747200000,"2018-09-23",949999.98,949999.98,949999.98,949999.98,0,0,NaN
1537833600000,"2018-09-24",949999.98,949999.98,949999.98,949999.98,0,0,NaN
1537920000000,"2018-09-25",949999.98,949999.98,949999.98,949999.98,0,0,NaN
1538006400000,"2018-09-26",949999.98,949999.98,949999.98,949999.98,0,0,NaN
1538092800000,"2018-09-27",949999.98,949999.98,949999.98,949999.98,0,0,NaN
1538179200000,"2018-09-28",949999.98,949999.98,949999.98,949999.98,0,0,NaN
1538265600000,"2018-09-29",949999.98,949999.98,949999.98,949999.98,0,0,NaN
1538352000000,"2018-09-30",949999.98,949999.98,949999.98,949999.98,0,0,NaN
1538438400000,"2018-10-01",949999.98,949999.98,949999.98,949999.98,0,0,NaN
1538524800000,"2018-10-02",949999.98,949999.98,949999.98,949999.98,0,0,NaN
1538611200000,"2018-10-03",949999.98,949999.98,949999.98,949999.98,0,0,NaN
1538697600000,"2018-10-04",949999.98,949999.98,949999.98,949999.98,0,0,NaN
1538784000000,"2018-10-05",949999.98,949999.98,949999.98,949999.98,0,0,NaN
1538870400000,"2018-10-06",949999.98,949999.98,949999.98,949999.98,0,0,NaN
1538956800000,"2018-10-07",949999.98,949999.98,949999.98,949999.98,0,0,NaN
1539043200000,"2018-10-08",949999.98,949999.98,949999.98,949999.98,0,0,NaN
1539129600000,"2018-10-09",949999.98,949999.98,949999.98,949999.98,0,0,NaN
1539216000000,"2018-10-10",949999.98,949999.98,949999.98,949999.98,0,0,NaN
1539302400000,"2018-10-11",949999.98,949999.98,949999.98,949999.98,0,0,NaN
1539388800000,"2018-10-12",949999.98,949999.98,949999.98,949999.98,0,0,NaN
1539475200000,"2018-10-13",949999.98,949999.98,949999.98,949999.98,0,0,NaN
1539561600000,"2018-10-14",949999.98,949999.98,949999.98,949999.98,0,0,NaN
1539648000000,"2018-10-15",949999.98,949999.98,949999.98,949999.98,0,0,NaN
1539734400000,"2018-10-16",949999.98,949999.98,949999.98,949999.98,0,0,NaN
1539820800000,"2018-10-17",949999.98,949999.98,949999.98,949999.98,0,0,NaN
1539907200000,"2018-10-18",949999.98,949999.98,949999.98,949999.98,0,0,NaN
1539993600000,"2018-10-19",949999.98,949999.98,949999.98,949999.98,0,0,NaN
1540080000000,"2018-10-20",949999.98,949999.98,949999.98,949999.98,0,0,NaN
1540166400000,"2018-10-21",949999.98,949999.98,949999.98,949999.98,0,0,NaN
1540252800000,"2018-10-22",949999.98,949999.98,949999.98,949999.98,0,0,NaN
1540339200000,"2018-10-23",949999.98,949999.98,949999.98,949999.98,0,0,NaN
1540425600000,"2018-10-24",949999.98,949999.98,949999.98,949999.98,0,0,NaN
1540512000000,"2018-10-25",949999.98,949999.98,949999.98,949999.98,0,0,NaN
1540598400000,"2018-10-26",949999.98,949999.98,949999.98,949999.98,0,0,NaN
1540684800000,"2018-10-27",949999.98,949999.98,949999.98,949999.98,0,0,NaN
1540771200000,"2018-10-28",949999.98,949999.98,949999.98,949999.98,0,0,NaN
1540857600000,"2018-10-29",949999.98,949999.98,949999.98,949999.98,0,0,NaN
1540944000000,"2018-10-30",949999.98,949999.98,949999.98,949999.98,0,0,NaN
1541030400000,"2018-10-31",949999.98,949999.98,949999.98,949999.98,0,0,NaN
1541116800000,"2018-11-01",949999.98,949999.98,949999.98,949999.98,0,0,NaN
1541203200000,"2018-11-02",949999.98,949999.98,949999.98,949999.98,0,0,NaN
1541289600000,"2018-11-03",949999.98,949999.98,949999.98,949999.98,0,0,NaN
1541376000000,"2018-11-04",949999.98,949999.98,949999.98,949999.98,0,0,NaN
1541462400000,"2018-11-05",949999.98,949999.98,949999.98,949999.98,0,0,NaN
1541548800000,"2018-11-06",949999.98,949999.98,949999.98,949999.98,0,0,NaN
1541635200000,"2018-11-07",949999.98,949999.98,949999.98,949999.98,0,0,NaN
1541721600000,"2018-11-08",949999.98,949999.98,949999.98,949999.98,0,0,NaN
1541808000000,"2018-11-09",949999.98,949999.98,949999.98,949999.98,0,0,NaN
1541894400000,"2018-11-10",949999.98,949999.98,949999.98,949999.98,0,0,NaN
1541980800000,"2018-11-11",949999.98,949999.98,949999.98,949999.98,0,0,NaN
1542067200000,"2018-11-12",949999.98,949999.98,949999.98,949999.98,0,0,NaN
1542153600000,"2018-11-13",949999.98,949999.98,949999.98,949999.98,0,0,NaN
1542240000000,"2018-11-14",949999.98,949999.98,949999.98,949999.98,0,0,NaN
1542326400000,"2018-11-15",949999.98,949999.98,949999.98,949999.98,0,0,NaN
1542412800000,"2018-11-16",949999.98,949999.98,949999.98,949999.98,0,0,NaN
1542499200000,"2018-11-17",949999.98,949999.98,949999.98,949999.98,0,0,NaN
1542585600000,"2018-11-18",949999.98,949999.98,949999.98,949999.98,0,0,NaN
1542672000000,"2018-11-19",949999.98,949999.98,949999.98,949999.98,0,0,NaN
1542758400000,"2018-11-20",36287149649.84,36287149649.84,949999.98,949999.98,0.05512,2000000000,NaN
1542844800000,"2018-11-21",36287149649.84,36287149649.84,36287149649.84,36287149649.84,0,0,NaN
1542931200000,"2018-11-22",36287149649.84,36287149649.84,36287149649.84,36287149649.84,0,0,NaN
1543017600000,"2018-11-23",36287149649.84,36287149649.84,36287149649.84,36287149649.84,0,0,NaN
1543104000000,"2018-11-24",36287149649.84,36287149649.84,36287149649.84,36287149649.84,0,0,NaN
1543190400000,"2018-11-25",36287149649.84,36287149649.84,36287149649.84,36287149649.84,0,0,NaN
1543276800000,"2018-11-26",36287149649.84,36287149649.84,36287149649.84,36287149649.84,0,0,NaN
1543363200000,"2018-11-27",36287149649.84,36287149649.84,36287149649.84,36287149649.84,0,0,NaN
1543449600000,"2018-11-28",36287149649.84,36287149649.84,36287149649.84,36287149649.84,0,0,NaN
1543536000000,"2018-11-29",36287149649.84,36287149649.84,36287149649.84,36287149649.84,0,0,NaN
1543622400000,"2018-11-30",36287149649.84,36287149649.84,36287149649.84,36287149649.84,0,0,NaN
1543708800000,"2018-12-01",36287149649.84,36287149649.84,36287149649.84,36287149649.84,0,0,NaN
1543795200000,"2018-12-02",36287149649.84,36287149649.84,36287149649.84,36287149649.84,0,0,NaN
1543881600000,"2018-12-03",36287149649.84,36287149649.84,36287149649.84,36287149649.84,0,0,NaN
1543968000000,"2018-12-04",36287149649.84,36287149649.84,36287149649.84,36287149649.84,0,0,NaN
1544054400000,"2018-12-05",36287149649.84,36287149649.84,36287149649.84,36287149649.84,0,0,NaN
1544140800000,"2018-12-06",36287149649.84,36287149649.84,36287149649.84,36287149649.84,0,0,NaN
1544227200000,"2018-12-07",36287149649.84,36287149649.84,36287149649.84,36287149649.84,0,0,NaN
1544313600000,"2018-12-08",36287149649.84,36287149649.84,36287149649.84,36287149649.84,0,0,NaN
1544400000000,"2018-12-09",36287149649.84,36287149649.84,36287149649.84,36287149649.84,0,0,NaN
1544486400000,"2018-12-10",36287149649.84,36287149649.84,36287149649.84,36287149649.84,0,0,NaN
1544572800000,"2018-12-11",36287149649.84,36287149649.84,36287149649.84,36287149649.84,0,0,NaN
1544659200000,"2018-12-12",36287149649.84,36287149649.84,36287149649.84,36287149649.84,0,0,NaN
1544745600000,"2018-12-13",36287149649.84,36287149649.84,36287149649.84,36287149649.84,0,0,NaN
1544832000000,"2018-12-14",36287149649.84,36287149649.84,36287149649.84,36287149649.84,0,0,NaN
1544918400000,"2018-12-15",36287149649.84,36287149649.84,36287149649.84,36287149649.84,0,0,NaN
1545004800000,"2018-12-16",36287149649.84,36287149649.84,36287149649.84,36287149649.84,0,0,NaN
1545091200000,"2018-12-17",36287149649.84,36287149649.84,36287149649.84,36287149649.84,0,0,NaN
1545177600000,"2018-12-18",36287149649.84,36287149649.84,36287149649.84,36287149649.84,0,0,NaN
1545264000000,"2018-12-19",36287149649.84,36287149649.84,36287149649.84,36287149649.84,0,0,NaN
1545350400000,"2018-12-20",36287149649.84,36287149649.84,36287149649.84,36287149649.84,0,0,NaN
1545436800000,"2018-12-21",36287149649.84,36287149649.84,36287149649.84,36287149649.84,0,0,NaN
1545523200000,"2018-12-22",36287149649.84,36287149649.84,36287149649.84,36287149649.84,0,0,NaN
1545609600000,"2018-12-23",36287149649.84,36287149649.84,36287149649.84,36287149649.84,0,0,NaN
1545696000000,"2018-12-24",36287149649.84,36287149649.84,36287149649.84,36287149649.84,0,0,NaN
1545782400000,"2018-12-25",36287149649.84,36287149649.84,36287149649.84,36287149649.84,0,0,NaN
1545868800000,"2018-12-26",36287149649.84,36287149649.84,36287149649.84,36287149649.84,0,0,NaN
1545955200000,"2018-12-27",36287149649.84,36287149649.84,36287149649.84,36287149649.84,0,0,NaN
1546041600000,"2018-12-28",36287149649.84,36287149649.84,36287149649.84,36287149649.84,0,0,NaN
1546128000000,"2018-12-29",36287149649.84,36287149649.84,36287149649.84,36287149649.84,0,0,NaN
1546214400000,"2018-12-30",36287149649.84,36287149649.84,36287149649.84,36287149649.84,0,0,NaN
1546300800000,"2018-12-31",36287149649.84,36287149649.84,36287149649.84,36287149649.84,0,0,NaN
1546387200000,"2019-01-01",36287149649.84,36287149649.84,36287149649.84,36287149649.84,0,0,NaN
1546473600000,"2019-01-02",36287149649.84,36287149649.84,36287149649.84,36287149649.84,0,0,NaN
1546560000000,"2019-01-03",36287149649.84,36287149649.84,36287149649.84,36287149649.84,0,0,NaN
1546646400000,"2019-01-04",36287149649.84,36287149649.84,36287149649.84,36287149649.84,0,0,NaN
1546732800000,"2019-01-05",36287149649.84,36287149649.84,36287149649.84,36287149649.84,0,0,NaN
1546819200000,"2019-01-06",36287149649.84,36287149649.84,36287149649.84,36287149649.84,0,0,NaN
1546905600000,"2019-01-07",36287149649.84,36287149649.84,36287149649.84,36287149649.84,0,0,NaN
1546992000000,"2019-01-08",36287149649.84,36287149649.84,36287149649.84,36287149649.84,0,0,NaN
1547078400000,"2019-01-09",36287149649.84,36287149649.84,36287149649.84,36287149649.84,0,0,NaN
1547164800000,"2019-01-10",36287149649.84,36287149649.84,36287149649.84,36287149649.84,0,0,NaN
1547251200000,"2019-01-11",36287149649.84,36287149649.84,36287149649.84,36287149649.84,0,0,NaN
1547337600000,"2019-01-12",36287149649.84,36287149649.84,36287149649.84,36287149649.84,0,0,NaN
1547424000000,"2019-01-13",36287149649.84,36287149649.84,36287149649.84,36287149649.84,0,0,NaN
1547510400000,"2019-01-14",36287149649.84,36287149649.84,36287149649.84,36287149649.84,0,0,NaN
1547596800000,"2019-01-15",36287149649.84,36287149649.84,36287149649.84,36287149649.84,0,0,NaN
1547683200000,"2019-01-16",36287149649.84,36287149649.84,36287149649.84,36287149649.84,0,0,NaN
1547769600000,"2019-01-17",36287149649.84,36287149649.84,36287149649.84,36287149649.84,0,0,NaN
1547856000000,"2019-01-18",36287149649.84,36287149649.84,36287149649.84,36287149649.84,0,0,NaN
1547942400000,"2019-01-19",36287149649.84,36287149649.84,36287149649.84,36287149649.84,0,0,NaN
1548028800000,"2019-01-20",36287149649.84,36287149649.84,36287149649.84,36287149649.84,0,0,NaN
1548115200000,"2019-01-21",36287149649.84,36287149649.84,36287149649.84,36287149649.84,0,0,NaN
1548201600000,"2019-01-22",36287149649.84,36287149649.84,36287149649.84,36287149649.84,0,0,NaN
1548288000000,"2019-01-23",36287149649.84,36287149649.84,36287149649.84,36287149649.84,0,0,NaN
1548374400000,"2019-01-24",36287149649.84,36287149649.84,36287149649.84,36287149649.84,0,0,NaN
1548460800000,"2019-01-25",36287149649.84,36287149649.84,36287149649.84,36287149649.84,0,0,NaN
1548547200000,"2019-01-26",36287149649.84,36287149649.84,36287149649.84,36287149649.84,0,0,NaN
1548633600000,"2019-01-27",36287149649.84,36287149649.84,36287149649.84,36287149649.84,0,0,NaN
1548720000000,"2019-01-28",36287149649.84,36287149649.84,36287149649.84,36287149649.84,0,0,NaN
1548806400000,"2019-01-29",36287149649.84,36287149649.84,36287149649.84,36287149649.84,0,0,NaN
1548892800000,"2019-01-30",36287149649.84,36287149649.84,36287149649.84,36287149649.84,0,0,NaN
1548979200000,"2019-01-31",36287149649.84,36287149649.84,36287149649.84,36287149649.84,0,0,NaN
1549065600000,"2019-02-01",36287149649.84,36287149649.84,36287149649.84,36287149649.84,0,0,NaN
1549152000000,"2019-02-02",36287149649.84,36287149649.84,36287149649.84,36287149649.84,0,0,NaN
1549238400000,"2019-02-03",36287149649.84,36287149649.84,36287149649.84,36287149649.84,0,0,NaN
1549324800000,"2019-02-04",36287149649.84,36287149649.84,36287149649.84,36287149649.84,0,0,NaN
1549411200000,"2019-02-05",36287149649.84,36287149649.84,36287149649.84,36287149649.84,0,0,NaN
1549497600000,"2019-02-06",36287149649.84,36287149649.84,36287149649.84,36287149649.84,0,0,NaN
1549584000000,"2019-02-07",36287149649.84,36287149649.84,36287149649.84,36287149649.84,0,0,NaN
1549670400000,"2019-02-08",36287149649.84,36287149649.84,36287149649.84,36287149649.84,0,0,NaN
1549756800000,"2019-02-09",36287149649.84,36287149649.84,36287149649.84,36287149649.84,0,0,NaN
1549843200000,"2019-02-10",36287149649.84,36287149649.84,36287149649.84,36287149649.84,0,0,NaN
1549929600000,"2019-02-11",36287149649.84,36287149649.84,36287149649.84,36287149649.84,0,0,NaN
1550016000000,"2019-02-12",36287149649.84,36287149649.84,36287149649.84,36287149649.84,0,0,NaN
1550102400000,"2019-02-13",36287149649.84,36287149649.84,36287149649.84,36287149649.84,0,0,NaN
1550188800000,"2019-02-14",36287149649.84,36287149649.84,36287149649.84,36287149649.84,0,0,NaN
1550275200000,"2019-02-15",36287149649.84,36287149649.84,36287149649.84,36287149649.84,0,0,NaN
1550361600000,"2019-02-16",36287149649.84,36287149649.84,36287149649.84,36287149649.84,0,0,NaN
1550448000000,"2019-02-17",36287149649.84,36287149649.84,36287149649.84,36287149649.84,0,0,NaN
1550534400000,"2019-02-18",36287149649.84,36287149649.84,36287149649.84,36287149649.84,0,0,NaN
1550620800000,"2019-02-19",36287149649.84,36287149649.84,36287149649.84,36287149649.84,0,0,NaN
1550707200000,"2019-02-20",36287149649.84,36287149649.84,36287149649.84,36287149649.84,0,0,NaN
1550793600000,"2019-02-21",36287149649.84,36287149649.84,36287149649.84,36287149649.84,0,0,NaN
1550880000000,"2019-02-22",36287149649.84,36287149649.84,36287149649.84,36287149649.84,0,0,NaN
1550966400000,"2019-02-23",36287149649.84,36287149649.84,36287149649.84,36287149649.84,0,0,NaN
1551052800000,"2019-02-24",36287149649.84,36287149649.84,36287149649.84,36287149649.84,0,0,NaN
1551139200000,"2019-02-25",36287149649.84,36287149649.84,36287149649.84,36287149649.84,0,0,NaN
1551225600000,"2019-02-26",36287149649.84,36287149649.84,36287149649.84,36287149649.84,0,0,NaN
1551312000000,"2019-02-27",36287149649.84,36287149649.84,36287149649.84,36287149649.84,0,0,NaN
1551398400000,"2019-02-28",36287149649.84,36287149649.84,36287149649.84,36287149649.84,0,0,NaN
1551484800000,"2019-03-01",36287149649.84,36287149649.84,36287149649.84,36287149649.84,0,0,NaN
1551571200000,"2019-03-02",36287149649.84,36287149649.84,36287149649.84,36287149649.84,0,0,NaN
1551657600000,"2019-03-03",36287149649.84,36287149649.84,36287149649.84,36287149649.84,0,0,NaN
1551744000000,"2019-03-04",36287149649.84,36287149649.84,36287149649.84,36287149649.84,0,0,NaN
1551830400000,"2019-03-05",36287149649.84,36287149649.84,36287149649.84,36287149649.84,0,0,NaN
1551916800000,"2019-03-06",36287149649.84,36287149649.84,36287149649.84,36287149649.84,0,0,NaN
1552003200000,"2019-03-07",36287149649.84,36287149649.84,36287149649.84,36287149649.84,0,0,NaN
1552089600000,"2019-03-08",36287149649.84,36287149649.84,36287149649.84,36287149649.84,0,0,NaN
1552176000000,"2019-03-09",36287149649.84,36287149649.84,36287149649.84,36287149649.84,0,0,NaN
1552262400000,"2019-03-10",36287149649.84,36287149649.84,36287149649.84,36287149649.84,0,0,NaN
1552348800000,"2019-03-11",36287149649.84,36287149649.84,36287149649.84,36287149649.84,0,0,NaN
1552435200000,"2019-03-12",36287149649.84,36287149649.84,36287149649.84,36287149649.84,0,0,NaN
1552521600000,"2019-03-13",36287149649.84,36287149649.84,36287149649.84,36287149649.84,0,0,NaN
1552608000000,"2019-03-14",36287149649.84,36287149649.84,36287149649.84,36287149649.84,0,0,NaN
1552694400000,"2019-03-15",36287149649.84,36287149649.84,36287149649.84,36287149649.84,0,0,NaN
1552780800000,"2019-03-16",36287149649.84,36287149649.84,36287149649.84,36287149649.84,0,0,NaN
1552867200000,"2019-03-17",36287149649.84,36287149649.84,36287149649.84,36287149649.84,0,0,NaN
1552953600000,"2019-03-18",36287149649.84,36287149649.84,36287149649.84,36287149649.84,0,0,NaN
1553040000000,"2019-03-19",36287149649.84,36287149649.84,36287149649.84,36287149649.84,0,0,NaN
1553126400000,"2019-03-20",36287149649.84,36287149649.84,36287149649.84,36287149649.84,0,0,NaN
1553212800000,"2019-03-21",36287149649.84,36287149649.84,36287149649.84,36287149649.84,0,0,NaN
1553299200000,"2019-03-22",36287149649.84,36287149649.84,36287149649.84,36287149649.84,0,0,NaN
1553385600000,"2019-03-23",36287149649.84,36287149649.84,36287149649.84,36287149649.84,0,0,NaN
1553472000000,"2019-03-24",36287149649.84,36287149649.84,36287149649.84,36287149649.84,0,0,NaN
1553558400000,"2019-03-25",36287149649.84,36287149649.84,36287149649.84,36287149649.84,0,0,NaN
1553644800000,"2019-03-26",36287149649.84,36287149649.84,36287149649.84,36287149649.84,0,0,NaN
1553731200000,"2019-03-27",36287149649.84,36287149649.84,36287149649.84,36287149649.84,0,0,NaN
1553817600000,"2019-03-28",36287149649.84,36287149649.84,36287149649.84,36287149649.84,0,0,NaN
1553904000000,"2019-03-29",36287149649.84,36287149649.84,36287149649.84,36287149649.84,0,0,NaN
1553990400000,"2019-03-30",36287149649.84,36287149649.84,36287149649.84,36287149649.84,0,0,NaN
1554076800000,"2019-03-31",36287149649.84,36287149649.84,36287149649.84,36287149649.84,0,0,NaN
1554163200000,"2019-04-01",36287149649.84,36287149649.84,36287149649.84,36287149649.84,0,0,NaN
1554249600000,"2019-04-02",36287149649.84,36287149649.84,36287149649.84,36287149649.84,0,0,NaN
1554336000000,"2019-04-03",36287149649.84,36287149649.84,36287149649.84,36287149649.84,0,0,NaN
1554422400000,"2019-04-04",36287149649.84,36287149649.84,36287149649.84,36287149649.84,0,0,NaN
1554508800000,"2019-04-05",36287149649.84,36287149649.84,36287149649.84,36287149649.84,0,0,NaN
1554595200000,"2019-04-06",36287149649.84,36287149649.84,36287149649.84,36287149649.84,0,0,NaN
1554681600000,"2019-04-07",36287149649.84,36287149649.84,36287149649.84,36287149649.84,0,0,NaN
1554768000000,"2019-04-08",36287149649.84,36287149649.84,36287149649.84,36287149649.84,0,0,NaN
1554854400000,"2019-04-09",36287149649.84,36287149649.84,36287149649.84,36287149649.84,0,0,NaN
1554940800000,"2019-04-10",36287149649.84,36287149649.84,36287149649.84,36287149649.84,0,0,NaN
1555027200000,"2019-04-11",36287149649.84,36287149649.84,36287149649.84,36287149649.84,0,0,NaN
1555113600000,"2019-04-12",36287149649.84,36287149649.84,36287149649.84,36287149649.84,0,0,NaN
1555200000000,"2019-04-13",36287149649.84,36287149649.84,36287149649.84,36287149649.84,0,0,NaN
1555286400000,"2019-04-14",36287149649.84,36287149649.84,36287149649.84,36287149649.84,0,0,NaN
1555372800000,"2019-04-15",36287149649.84,36287149649.84,36287149649.84,36287149649.84,0,0,NaN
1555459200000,"2019-04-16",36287149649.84,36287149649.84,36287149649.84,36287149649.84,0,0,NaN
1555545600000,"2019-04-17",36287149649.84,36287149649.84,36287149649.84,36287149649.84,0,0,NaN
1555632000000,"2019-04-18",36287149649.84,36287149649.84,36287149649.84,36287149649.84,0,0,NaN
1555718400000,"2019-04-19",36287149649.84,36287149649.84,36287149649.84,36287149649.84,0,0,NaN
1555804800000,"2019-04-20",36287149649.84,36287149649.84,36287149649.84,36287149649.84,0,0,NaN
1555891200000,"2019-04-21",36287149649.84,36287149649.84,36287149649.84,36287149649.84,0,0,NaN
1555977600000,"2019-04-22",36287149649.84,36287149649.84,36287149649.84,36287149649.84,0,0,NaN
1556064000000,"2019-04-23",36287149649.84,36287149649.84,36287149649.84,36287149649.84,0,0,NaN
1556150400000,"2019-04-24",36287149649.84,36287149649.84,36287149649.84,36287149649.84,0,0,NaN
1556236800000,"2019-04-25",36287149649.84,36287149649.84,36287149649.84,36287149649.84,0,0,NaN
1556323200000,"2019-04-26",36287149649.84,36287149649.84,36287149649.84,36287149649.84,0,0,NaN
1556409600000,"2019-04-27",36287149649.84,36287149649.84,36287149649.84,36287149649.84,0,0,NaN
1556496000000,"2019-04-28",36287149649.84,36287149649.84,36287149649.84,36287149649.84,0,0,NaN
1556582400000,"2019-04-29",36287149649.84,36287149649.84,36287149649.84,36287149649.84,0,0,NaN
1556668800000,"2019-04-30",36287149649.84,36287149649.84,36287149649.84,36287149649.84,0,0,NaN
1556755200000,"2019-05-01",36287149649.84,36287149649.84,36287149649.84,36287149649.84,0,0,NaN
1556841600000,"2019-05-02",36287149649.84,36287149649.84,36287149649.84,36287149649.84,0,0,NaN
1556928000000,"2019-05-03",36287149649.84,36287149649.84,36287149649.84,36287149649.84,0,0,NaN
1557014400000,"2019-05-04",36287149649.84,36287149649.84,36287149649.84,36287149649.84,0,0,NaN
1557100800000,"2019-05-05",36287149649.84,36287149649.84,36287149649.84,36287149649.84,0,0,NaN
1557187200000,"2019-05-06",36287149649.84,36287149649.84,36287149649.84,36287149649.84,0,0,NaN
1557273600000,"2019-05-07",36287149649.84,36287149649.84,36287149649.84,36287149649.84,0,0,NaN
1557360000000,"2019-05-08",36287149649.84,36287149649.84,36287149649.84,36287149649.84,0,0,NaN
1557446400000,"2019-05-09",36287149649.84,36287149649.84,36287149649.84,36287149649.84,0,0,NaN
1557532800000,"2019-05-10",36287149649.84,36287149649.84,36287149649.84,36287149649.84,0,0,NaN
1557619200000,"2019-05-11",36287149649.84,36287149649.84,36287149649.84,36287149649.84,0,0,NaN
1557705600000,"2019-05-12",36287149649.84,36287149649.84,36287149649.84,36287149649.84,0,0,NaN
1557792000000,"2019-05-13",36287149649.84,36287149649.84,36287149649.84,36287149649.84,0,0,NaN
1557878400000,"2019-05-14",36287149649.84,36287149649.84,36287149649.84,36287149649.84,0,0,NaN
1557964800000,"2019-05-15",36287149649.84,36287149649.84,36287149649.84,36287149649.84,0,0,NaN
1558051200000,"2019-05-16",36287149649.84,36287149649.84,36287149649.84,36287149649.84,0,0,NaN
1558137600000,"2019-05-17",36287149649.84,36287149649.84,36287149649.84,36287149649.84,0,0,NaN
1558224000000,"2019-05-18",36287149649.84,36287149649.84,36287149649.84,36287149649.84,0,0,NaN
1558310400000,"2019-05-19",36287149649.84,36287149649.84,36287149649.84,36287149649.84,0,0,NaN
1558396800000,"2019-05-20",36287149649.84,36287149649.84,36287149649.84,36287149649.84,0,0,NaN
1558483200000,"2019-05-21",36287149649.84,36287149649.84,36287149649.84,36287149649.84,0,0,NaN
1558569600000,"2019-05-22",36287149649.84,36287149649.84,36287149649.84,36287149649.84,0,0,NaN
1558656000000,"2019-05-23",36287149649.84,36287149649.84,36287149649.84,36287149649.84,0,0,NaN
1558742400000,"2019-05-24",36287149649.84,36287149649.84,36287149649.84,36287149649.84,0,0,NaN
1558828800000,"2019-05-25",36287149649.84,36287149649.84,36287149649.84,36287149649.84,0,0,NaN
1558915200000,"2019-05-26",36287149649.84,36287149649.84,36287149649.84,36287149649.84,0,0,NaN
1559001600000,"2019-05-27",36287149649.84,36287149649.84,36287149649.84,36287149649.84,0,0,NaN
1559088000000,"2019-05-28",36287149649.84,36287149649.84,36287149649.84,36287149649.84,0,0,NaN
1559174400000,"2019-05-29",36287149649.84,36287149649.84,36287149649.84,36287149649.84,0,0,NaN
1559260800000,"2019-05-30",36287149649.84,36287149649.84,36287149649.84,36287149649.84,0,0,NaN
1559347200000,"2019-05-31",36287149649.84,36287149649.84,36287149649.84,36287149649.84,0,0,NaN
1559433600000,"2019-06-01",36287149649.84,36287149649.84,36287149649.84,36287149649.84,0,0,NaN
1559520000000,"2019-06-02",36287149649.84,36287149649.84,36287149649.84,36287149649.84,0,0,NaN
1559606400000,"2019-06-03",36287149649.84,36287149649.84,36287149649.84,36287149649.84,0,0,NaN
1559692800000,"2019-06-04",36287149649.84,36287149649.84,36287149649.84,36287149649.84,0,0,NaN
1559779200000,"2019-06-05",36287149649.84,36287149649.84,36287149649.84,36287149649.84,0,0,NaN
1559865600000,"2019-06-06",36287149649.84,36287149649.84,36287149649.84,36287149649.84,0,0,NaN
1559952000000,"2019-06-07",36287149649.84,36287149649.84,36287149649.84,36287149649.84,0,0,NaN
1560038400000,"2019-06-08",36287149649.84,36287149649.84,36287149649.84,36287149649.84,0,0,NaN
1560124800000,"2019-06-09",36287149649.84,36287149649.84,36287149649.84,36287149649.84,0,0,NaN
1560211200000,"2019-06-10",36287149649.84,36287149649.84,36287149649.84,36287149649.84,0,0,NaN
1560297600000,"2019-06-11",36287149649.84,36287149649.84,36287149649.84,36287149649.84,0,0,NaN
1560384000000,"2019-06-12",46900015562.28,46900015562.28,36287149649.84,36287149649.84,0,0,NaN
